model,step,action,80ms,160ms,320ms,400ms,560ms,1000ms
RNN + velocity all,1000,walking,0.45,0.803,1.188,1.357,1.569,2.188
RNN + velocity all,1000,eating,0.319,0.6,1.049,1.281,1.696,2.555
RNN + velocity all,1000,smoking,0.418,0.81,1.614,1.775,2.145,3.294
RNN + velocity all,1000,discussion,0.362,0.767,1.206,1.404,1.968,2.945
RNN + velocity all,1000,directions,0.497,0.824,1.191,1.408,1.763,2.752
RNN + velocity all,1000,greeting,0.569,0.945,1.456,1.708,2.19,3.652
RNN + velocity all,1000,phoning,0.712,1.367,1.88,2.098,2.249,2.909
RNN + velocity all,1000,posing,0.476,0.89,1.788,2.187,2.914,4.387
RNN + velocity all,1000,purchases,0.651,0.944,1.413,1.595,2.175,3.814
RNN + velocity all,1000,sitting,0.494,0.852,1.47,1.736,2.148,3.581
RNN + velocity all,1000,sittingdown,0.55,1.065,1.748,2.486,2.905,3.979
RNN + velocity all,1000,takingphoto,0.33,0.662,1.081,1.254,1.481,2.336
RNN + velocity all,1000,waiting,0.436,0.856,1.531,1.819,2.375,3.777
RNN + velocity all,1000,walkingdog,0.635,1.097,1.797,2.148,2.71,3.653
RNN + velocity all,1000,walkingtogether,0.41,0.83,1.37,1.561,1.898,2.885
RNN + velocity all,2000,walking,0.429,0.759,1.092,1.236,1.392,1.701
RNN + velocity all,2000,eating,0.303,0.566,0.963,1.154,1.445,1.946
RNN + velocity all,2000,smoking,0.371,0.709,1.36,1.497,1.752,2.624
RNN + velocity all,2000,discussion,0.344,0.727,1.112,1.267,1.753,2.405
RNN + velocity all,2000,directions,0.463,0.756,1.038,1.21,1.453,2.154
RNN + velocity all,2000,greeting,0.557,0.919,1.368,1.584,1.988,2.471
RNN + velocity all,2000,phoning,0.685,1.303,1.768,1.957,2.009,2.47
RNN + velocity all,2000,posing,0.372,0.749,1.525,1.853,2.408,3.691
RNN + velocity all,2000,purchases,0.636,0.907,1.298,1.427,1.916,3.131
RNN + velocity all,2000,sitting,0.474,0.808,1.379,1.627,1.977,2.8
RNN + velocity all,2000,sittingdown,0.498,0.957,1.523,1.77,2.567,3.398
RNN + velocity all,2000,takingphoto,0.3,0.6,0.965,1.116,1.285,1.807
RNN + velocity all,2000,waiting,0.402,0.783,1.364,1.609,2.062,3.0
RNN + velocity all,2000,walkingdog,0.604,1.014,1.594,1.886,2.413,3.015
RNN + velocity all,2000,walkingtogether,0.378,0.763,1.213,1.352,1.57,2.213
RNN + velocity all,3000,walking,0.42,0.741,1.059,1.199,1.345,1.603
RNN + velocity all,3000,eating,0.296,0.551,0.923,1.096,1.345,1.727
RNN + velocity all,3000,smoking,0.356,0.679,1.283,1.411,1.635,2.422
RNN + velocity all,3000,discussion,0.338,0.715,1.082,1.217,1.671,2.208
RNN + velocity all,3000,directions,0.447,0.723,0.97,1.125,1.334,1.949
RNN + velocity all,3000,greeting,0.554,0.913,1.343,1.547,1.922,2.302
RNN + velocity all,3000,phoning,0.673,1.275,1.725,1.906,1.913,2.307
RNN + velocity all,3000,posing,0.353,0.73,1.466,1.773,2.269,3.159
RNN + velocity all,3000,purchases,0.628,0.89,1.257,1.369,1.813,2.871
RNN + velocity all,3000,sitting,0.466,0.791,1.347,1.589,1.913,2.638
RNN + velocity all,3000,sittingdown,0.473,0.906,1.42,1.641,2.43,3.146
RNN + velocity all,3000,takingphoto,0.292,0.579,0.925,1.071,1.23,1.666
RNN + velocity all,3000,waiting,0.388,0.752,1.297,1.526,1.946,2.773
RNN + velocity all,3000,walkingdog,0.593,0.983,1.503,1.757,2.262,2.772
RNN + velocity all,3000,walkingtogether,0.368,0.741,1.154,1.275,1.457,2.017
RNN + velocity all,4000,walking,0.414,0.73,1.042,1.181,1.325,1.54
RNN + velocity all,4000,eating,0.293,0.541,0.9,1.065,1.291,1.618
RNN + velocity all,4000,smoking,0.347,0.661,1.235,1.358,1.566,2.317
RNN + velocity all,4000,discussion,0.336,0.709,1.062,1.187,1.629,2.132
RNN + velocity all,4000,directions,0.44,0.708,0.941,1.088,1.28,1.87
RNN + velocity all,4000,greeting,0.551,0.908,1.331,1.528,1.885,2.196
RNN + velocity all,4000,phoning,0.667,1.261,1.703,1.878,1.861,2.22
RNN + velocity all,4000,posing,0.345,0.716,1.429,1.726,2.192,3.03
RNN + velocity all,4000,purchases,0.623,0.88,1.233,1.337,1.77,2.748
RNN + velocity all,4000,sitting,0.463,0.784,1.331,1.571,1.88,2.558
RNN + velocity all,4000,sittingdown,0.459,0.876,1.359,1.564,1.879,3.01
RNN + velocity all,4000,takingphoto,0.289,0.569,0.907,1.052,1.208,1.6
RNN + velocity all,4000,waiting,0.38,0.738,1.267,1.488,1.89,2.667
RNN + velocity all,4000,walkingdog,0.587,0.965,1.437,1.66,2.119,2.61
RNN + velocity all,4000,walkingtogether,0.364,0.731,1.125,1.236,1.401,1.92
RNN + velocity all,5000,walking,0.41,0.72,1.025,1.162,1.298,1.496
RNN + velocity all,5000,eating,0.289,0.533,0.878,1.034,1.244,1.561
RNN + velocity all,5000,smoking,0.34,0.646,1.206,1.321,1.516,2.242
RNN + velocity all,5000,discussion,0.332,0.703,1.046,1.16,1.59,2.057
RNN + velocity all,5000,directions,0.433,0.693,0.913,1.053,1.235,1.806
RNN + velocity all,5000,greeting,0.548,0.902,1.32,1.514,1.855,2.126
RNN + velocity all,5000,phoning,0.663,1.25,1.686,1.856,1.826,2.158
RNN + velocity all,5000,posing,0.34,0.707,1.401,1.69,2.115,2.826
RNN + velocity all,5000,purchases,0.617,0.87,1.217,1.315,1.729,2.671
RNN + velocity all,5000,sitting,0.458,0.775,1.314,1.547,1.844,2.486
RNN + velocity all,5000,sittingdown,0.449,0.855,1.316,1.508,1.804,2.896
RNN + velocity all,5000,takingphoto,0.286,0.563,0.898,1.043,1.197,1.562
RNN + velocity all,5000,waiting,0.375,0.726,1.244,1.459,1.854,2.599
RNN + velocity all,5000,walkingdog,0.582,0.948,1.388,1.592,2.022,2.499
RNN + velocity all,5000,walkingtogether,0.36,0.724,1.106,1.21,1.359,1.872
RNN + velocity all,6000,walking,0.406,0.712,1.012,1.146,1.276,1.466
RNN + velocity all,6000,eating,0.285,0.524,0.861,1.014,1.218,1.529
RNN + velocity all,6000,smoking,0.335,0.635,1.186,1.298,1.487,2.206
RNN + velocity all,6000,discussion,0.329,0.699,1.036,1.146,1.57,2.024
RNN + velocity all,6000,directions,0.429,0.684,0.899,1.035,1.211,1.77
RNN + velocity all,6000,greeting,0.546,0.898,1.314,1.506,1.839,2.082
RNN + velocity all,6000,phoning,0.659,1.239,1.668,1.835,1.793,2.117
RNN + velocity all,6000,posing,0.336,0.701,1.377,1.663,2.075,2.757
RNN + velocity all,6000,purchases,0.614,0.865,1.205,1.298,1.711,2.622
RNN + velocity all,6000,sitting,0.455,0.766,1.299,1.53,1.814,2.426
RNN + velocity all,6000,sittingdown,0.442,0.842,1.29,1.475,1.759,2.846
RNN + velocity all,6000,takingphoto,0.284,0.557,0.888,1.031,1.184,1.543
RNN + velocity all,6000,waiting,0.372,0.721,1.234,1.446,1.831,2.551
RNN + velocity all,6000,walkingdog,0.578,0.94,1.361,1.551,1.969,2.434
RNN + velocity all,6000,walkingtogether,0.358,0.719,1.089,1.188,1.331,1.832
RNN + velocity all,7000,walking,0.403,0.706,1.002,1.136,1.261,1.445
RNN + velocity all,7000,eating,0.283,0.519,0.848,0.998,1.193,1.496
RNN + velocity all,7000,smoking,0.331,0.627,1.17,1.275,1.457,2.161
RNN + velocity all,7000,discussion,0.327,0.694,1.025,1.131,1.551,2.014
RNN + velocity all,7000,directions,0.427,0.681,0.89,1.024,1.191,1.743
RNN + velocity all,7000,greeting,0.543,0.894,1.307,1.496,1.821,2.039
RNN + velocity all,7000,phoning,0.655,1.232,1.658,1.825,1.777,2.095
RNN + velocity all,7000,posing,0.331,0.689,1.354,1.633,2.048,2.717
RNN + velocity all,7000,purchases,0.611,0.86,1.193,1.283,1.684,2.575
RNN + velocity all,7000,sitting,0.452,0.76,1.288,1.52,1.796,2.396
RNN + velocity all,7000,sittingdown,0.439,0.837,1.278,1.458,1.738,2.833
RNN + velocity all,7000,takingphoto,0.284,0.555,0.885,1.03,1.187,1.537
RNN + velocity all,7000,waiting,0.366,0.709,1.212,1.421,1.801,2.516
RNN + velocity all,7000,walkingdog,0.577,0.935,1.344,1.529,1.944,2.383
RNN + velocity all,7000,walkingtogether,0.354,0.71,1.066,1.159,1.292,1.779
RNN + velocity all,8000,walking,0.4,0.698,0.989,1.12,1.241,1.416
RNN + velocity all,8000,eating,0.279,0.511,0.831,0.978,1.169,1.47
RNN + velocity all,8000,smoking,0.326,0.616,1.151,1.251,1.424,2.123
RNN + velocity all,8000,discussion,0.326,0.693,1.022,1.122,1.534,1.973
RNN + velocity all,8000,directions,0.423,0.673,0.876,1.006,1.166,1.707
RNN + velocity all,8000,greeting,0.542,0.891,1.304,1.492,1.811,2.014
RNN + velocity all,8000,phoning,0.652,1.225,1.646,1.81,1.755,2.066
RNN + velocity all,8000,posing,0.332,0.688,1.341,1.618,2.026,2.675
RNN + velocity all,8000,purchases,0.611,0.858,1.19,1.277,1.67,2.545
RNN + velocity all,8000,sitting,0.448,0.75,1.272,1.501,1.77,2.365
RNN + velocity all,8000,sittingdown,0.435,0.828,1.26,1.437,1.712,2.796
RNN + velocity all,8000,takingphoto,0.281,0.55,0.875,1.017,1.169,1.505
RNN + velocity all,8000,waiting,0.364,0.705,1.205,1.412,1.784,2.485
RNN + velocity all,8000,walkingdog,0.575,0.93,1.326,1.504,1.915,2.342
RNN + velocity all,8000,walkingtogether,0.353,0.705,1.051,1.138,1.265,1.749
RNN + velocity all,9000,walking,0.398,0.694,0.979,1.109,1.226,1.39
RNN + velocity all,9000,eating,0.279,0.509,0.824,0.969,1.157,1.459
RNN + velocity all,9000,smoking,0.324,0.613,1.141,1.243,1.417,2.114
RNN + velocity all,9000,discussion,0.325,0.689,1.011,1.11,1.517,1.978
RNN + velocity all,9000,directions,0.422,0.67,0.87,0.998,1.154,1.689
RNN + velocity all,9000,greeting,0.542,0.891,1.303,1.49,1.804,1.999
RNN + velocity all,9000,phoning,0.649,1.219,1.637,1.801,1.738,2.054
RNN + velocity all,9000,posing,0.335,0.691,1.339,1.616,1.996,2.619
RNN + velocity all,9000,purchases,0.609,0.857,1.185,1.269,1.661,2.526
RNN + velocity all,9000,sitting,0.445,0.743,1.261,1.488,1.751,2.332
RNN + velocity all,9000,sittingdown,0.431,0.821,1.243,1.416,1.685,2.777
RNN + velocity all,9000,takingphoto,0.282,0.551,0.877,1.022,1.175,1.511
RNN + velocity all,9000,waiting,0.364,0.703,1.198,1.404,1.773,2.457
RNN + velocity all,9000,walkingdog,0.573,0.927,1.316,1.489,1.896,2.323
RNN + velocity all,9000,walkingtogether,0.351,0.702,1.044,1.128,1.248,1.729
RNN + velocity all,10000,walking,0.397,0.691,0.974,1.103,1.219,1.387
RNN + velocity all,10000,eating,0.278,0.504,0.816,0.961,1.148,1.447
RNN + velocity all,10000,smoking,0.321,0.606,1.128,1.225,1.392,2.088
RNN + velocity all,10000,discussion,0.324,0.688,1.007,1.102,1.498,1.954
RNN + velocity all,10000,directions,0.422,0.67,0.87,0.998,1.153,1.681
RNN + velocity all,10000,greeting,0.54,0.889,1.302,1.488,1.799,1.989
RNN + velocity all,10000,phoning,0.648,1.216,1.63,1.79,1.728,2.033
RNN + velocity all,10000,posing,0.336,0.692,1.344,1.622,1.998,2.601
RNN + velocity all,10000,purchases,0.606,0.852,1.181,1.264,1.656,2.522
RNN + velocity all,10000,sitting,0.444,0.741,1.255,1.479,1.736,2.306
RNN + velocity all,10000,sittingdown,0.429,0.818,1.238,1.407,1.67,2.761
RNN + velocity all,10000,takingphoto,0.282,0.552,0.88,1.024,1.176,1.503
RNN + velocity all,10000,waiting,0.363,0.701,1.199,1.406,1.777,2.464
RNN + velocity all,10000,walkingdog,0.572,0.924,1.304,1.472,1.874,2.29
RNN + velocity all,10000,walkingtogether,0.352,0.703,1.044,1.13,1.253,1.739
Transformer + velocity all,1000,walking,0.387,0.66,0.938,1.073,1.213,1.455
Transformer + velocity all,1000,eating,0.31,0.544,0.814,0.935,1.085,1.781
Transformer + velocity all,1000,smoking,0.303,0.549,1.04,1.113,1.271,2.011
Transformer + velocity all,1000,discussion,0.344,0.733,1.031,1.119,1.561,2.023
Transformer + velocity all,1000,directions,0.427,0.661,0.868,0.991,1.143,1.802
Transformer + velocity all,1000,greeting,0.563,0.904,1.3,1.482,1.838,2.182
Transformer + velocity all,1000,phoning,0.662,1.205,1.718,1.876,1.748,2.196
Transformer + velocity all,1000,posing,0.344,0.644,1.306,1.559,1.873,2.762
Transformer + velocity all,1000,purchases,0.6,0.854,1.198,1.288,1.639,2.497
Transformer + velocity all,1000,sitting,0.422,0.673,1.1,1.286,1.477,2.094
Transformer + velocity all,1000,sittingdown,0.442,0.832,1.266,1.447,1.745,2.549
Transformer + velocity all,1000,takingphoto,0.301,0.582,0.881,1.03,1.204,1.734
Transformer + velocity all,1000,waiting,0.365,0.701,1.193,1.407,1.729,2.486
Transformer + velocity all,1000,walkingdog,0.609,0.999,1.32,1.425,1.778,2.31
Transformer + velocity all,1000,walkingtogether,0.34,0.653,0.914,0.992,1.164,1.781
Transformer + velocity all,2000,walking,0.397,0.676,0.93,1.042,1.129,1.572
Transformer + velocity all,2000,eating,0.286,0.502,0.747,0.871,1.099,1.75
Transformer + velocity all,2000,smoking,0.292,0.536,1.006,1.053,1.214,2.038
Transformer + velocity all,2000,discussion,0.34,0.732,1.019,1.085,1.473,1.958
Transformer + velocity all,2000,directions,0.41,0.621,0.83,0.943,1.127,1.802
Transformer + velocity all,2000,greeting,0.55,0.891,1.31,1.508,1.845,2.281
Transformer + velocity all,2000,phoning,0.643,1.194,1.658,1.794,1.729,2.181
Transformer + velocity all,2000,posing,0.46,0.881,1.512,1.772,2.037,2.83
Transformer + velocity all,2000,purchases,0.596,0.859,1.249,1.335,1.698,2.689
Transformer + velocity all,2000,sitting,0.43,0.687,1.137,1.345,1.535,2.151
Transformer + velocity all,2000,sittingdown,0.432,0.815,1.222,1.39,1.65,2.357
Transformer + velocity all,2000,takingphoto,0.294,0.588,0.922,1.084,1.266,1.815
Transformer + velocity all,2000,waiting,0.356,0.701,1.237,1.463,1.852,2.691
Transformer + velocity all,2000,walkingdog,0.6,0.981,1.313,1.447,1.83,2.338
Transformer + velocity all,2000,walkingtogether,0.338,0.664,0.945,1.006,1.111,1.777
Transformer + velocity all,3000,walking,0.394,0.663,0.886,0.978,1.066,1.357
Transformer + velocity all,3000,eating,0.272,0.469,0.695,0.828,1.044,1.552
Transformer + velocity all,3000,smoking,0.283,0.519,0.942,1.004,1.146,1.862
Transformer + velocity all,3000,discussion,0.333,0.721,1.007,1.071,1.454,1.935
Transformer + velocity all,3000,directions,0.409,0.628,0.798,0.902,1.021,1.608
Transformer + velocity all,3000,greeting,0.546,0.892,1.313,1.504,1.816,2.102
Transformer + velocity all,3000,phoning,0.637,1.176,1.612,1.754,1.664,2.075
Transformer + velocity all,3000,posing,0.374,0.768,1.433,1.689,1.905,2.712
Transformer + velocity all,3000,purchases,0.589,0.839,1.174,1.253,1.614,2.45
Transformer + velocity all,3000,sitting,0.421,0.673,1.116,1.316,1.507,2.111
Transformer + velocity all,3000,sittingdown,0.426,0.806,1.209,1.372,1.644,2.348
Transformer + velocity all,3000,takingphoto,0.28,0.565,0.879,1.034,1.209,1.675
Transformer + velocity all,3000,waiting,0.351,0.682,1.157,1.354,1.7,2.51
Transformer + velocity all,3000,walkingdog,0.59,0.947,1.233,1.346,1.734,2.203
Transformer + velocity all,3000,walkingtogether,0.338,0.657,0.917,0.969,1.061,1.666
Transformer + velocity all,4000,walking,0.387,0.652,0.841,0.919,0.994,1.391
Transformer + velocity all,4000,eating,0.277,0.477,0.696,0.813,0.998,1.711
Transformer + velocity all,4000,smoking,0.297,0.541,0.979,1.043,1.185,2.119
Transformer + velocity all,4000,discussion,0.32,0.691,0.96,1.03,1.402,1.981
Transformer + velocity all,4000,directions,0.421,0.651,0.828,0.941,1.093,1.856
Transformer + velocity all,4000,greeting,0.547,0.887,1.269,1.448,1.771,2.287
Transformer + velocity all,4000,phoning,0.64,1.188,1.616,1.737,1.648,2.034
Transformer + velocity all,4000,posing,0.347,0.696,1.31,1.596,1.893,2.588
Transformer + velocity all,4000,purchases,0.595,0.84,1.195,1.256,1.639,2.616
Transformer + velocity all,4000,sitting,0.418,0.673,1.105,1.298,1.502,2.189
Transformer + velocity all,4000,sittingdown,0.433,0.816,1.212,1.376,1.638,2.48
Transformer + velocity all,4000,takingphoto,0.281,0.562,0.882,1.034,1.184,1.751
Transformer + velocity all,4000,waiting,0.353,0.682,1.167,1.355,1.7,2.568
Transformer + velocity all,4000,walkingdog,0.599,0.974,1.28,1.406,1.796,2.518
Transformer + velocity all,4000,walkingtogether,0.327,0.638,0.877,0.927,1.037,1.73
Transformer + velocity all,5000,walking,0.379,0.628,0.814,0.888,0.952,1.177
Transformer + velocity all,5000,eating,0.269,0.455,0.645,0.751,0.901,1.348
Transformer + velocity all,5000,smoking,0.282,0.516,0.924,0.971,1.073,1.888
Transformer + velocity all,5000,discussion,0.321,0.698,0.966,1.01,1.347,1.779
Transformer + velocity all,5000,directions,0.409,0.623,0.776,0.871,0.966,1.448
Transformer + velocity all,5000,greeting,0.542,0.879,1.261,1.431,1.717,1.969
Transformer + velocity all,5000,phoning,0.633,1.161,1.582,1.714,1.553,1.879
Transformer + velocity all,5000,posing,0.325,0.641,1.206,1.473,1.674,2.397
Transformer + velocity all,5000,purchases,0.588,0.827,1.14,1.202,1.548,2.367
Transformer + velocity all,5000,sitting,0.415,0.659,1.073,1.259,1.41,1.924
Transformer + velocity all,5000,sittingdown,0.42,0.799,1.186,1.345,1.57,2.328
Transformer + velocity all,5000,takingphoto,0.276,0.548,0.835,0.966,1.078,1.421
Transformer + velocity all,5000,waiting,0.342,0.671,1.148,1.337,1.655,2.294
Transformer + velocity all,5000,walkingdog,0.583,0.935,1.221,1.33,1.699,2.124
Transformer + velocity all,5000,walkingtogether,0.318,0.611,0.824,0.865,0.939,1.503
Transformer + velocity all,6000,walking,0.37,0.608,0.767,0.847,0.969,1.177
Transformer + velocity all,6000,eating,0.261,0.434,0.632,0.749,0.913,1.368
Transformer + velocity all,6000,smoking,0.284,0.519,0.915,0.979,1.087,1.761
Transformer + velocity all,6000,discussion,0.325,0.704,0.97,1.009,1.346,1.806
Transformer + velocity all,6000,directions,0.415,0.64,0.789,0.89,0.982,1.501
Transformer + velocity all,6000,greeting,0.547,0.885,1.275,1.44,1.731,2.036
Transformer + velocity all,6000,phoning,0.625,1.156,1.57,1.705,1.587,1.922
Transformer + velocity all,6000,posing,0.355,0.687,1.286,1.564,1.742,2.408
Transformer + velocity all,6000,purchases,0.581,0.815,1.131,1.187,1.54,2.406
Transformer + velocity all,6000,sitting,0.417,0.661,1.075,1.261,1.427,1.977
Transformer + velocity all,6000,sittingdown,0.421,0.793,1.178,1.337,1.555,2.313
Transformer + velocity all,6000,takingphoto,0.277,0.55,0.839,0.973,1.085,1.471
Transformer + velocity all,6000,waiting,0.345,0.672,1.129,1.305,1.621,2.38
Transformer + velocity all,6000,walkingdog,0.58,0.928,1.227,1.34,1.634,2.057
Transformer + velocity all,6000,walkingtogether,0.317,0.603,0.802,0.848,0.934,1.503
Transformer + velocity all,7000,walking,0.366,0.595,0.769,0.846,0.94,1.099
Transformer + velocity all,7000,eating,0.247,0.398,0.594,0.735,0.931,1.324
Transformer + velocity all,7000,smoking,0.281,0.509,0.887,0.952,1.071,1.802
Transformer + velocity all,7000,discussion,0.313,0.679,0.932,0.978,1.325,1.729
Transformer + velocity all,7000,directions,0.413,0.636,0.788,0.879,0.967,1.507
Transformer + velocity all,7000,greeting,0.543,0.883,1.288,1.462,1.732,2.033
Transformer + velocity all,7000,phoning,0.624,1.146,1.542,1.674,1.554,1.787
Transformer + velocity all,7000,posing,0.317,0.637,1.241,1.519,1.712,2.364
Transformer + velocity all,7000,purchases,0.584,0.819,1.125,1.187,1.546,2.342
Transformer + velocity all,7000,sitting,0.415,0.661,1.073,1.262,1.427,1.976
Transformer + velocity all,7000,sittingdown,0.423,0.797,1.163,1.31,1.519,2.185
Transformer + velocity all,7000,takingphoto,0.284,0.568,0.86,0.991,1.092,1.51
Transformer + velocity all,7000,waiting,0.342,0.67,1.137,1.323,1.657,2.4
Transformer + velocity all,7000,walkingdog,0.579,0.925,1.216,1.324,1.663,2.032
Transformer + velocity all,7000,walkingtogether,0.315,0.592,0.763,0.818,0.936,1.54
Transformer + velocity all,8000,walking,0.372,0.605,0.764,0.834,0.937,1.142
Transformer + velocity all,8000,eating,0.257,0.408,0.583,0.717,0.915,1.29
Transformer + velocity all,8000,smoking,0.284,0.52,0.902,0.976,1.093,1.749
Transformer + velocity all,8000,discussion,0.321,0.697,0.977,1.029,1.381,1.783
Transformer + velocity all,8000,directions,0.417,0.646,0.791,0.881,0.968,1.432
Transformer + velocity all,8000,greeting,0.543,0.882,1.29,1.463,1.758,2.035
Transformer + velocity all,8000,phoning,0.617,1.138,1.53,1.675,1.531,1.881
Transformer + velocity all,8000,posing,0.326,0.636,1.211,1.48,1.744,2.533
Transformer + velocity all,8000,purchases,0.587,0.825,1.128,1.195,1.538,2.322
Transformer + velocity all,8000,sitting,0.417,0.663,1.077,1.268,1.423,1.933
Transformer + velocity all,8000,sittingdown,0.424,0.799,1.186,1.345,1.569,2.322
Transformer + velocity all,8000,takingphoto,0.282,0.56,0.846,0.974,1.072,1.46
Transformer + velocity all,8000,waiting,0.345,0.678,1.144,1.325,1.65,2.395
Transformer + velocity all,8000,walkingdog,0.573,0.914,1.177,1.292,1.677,2.131
Transformer + velocity all,8000,walkingtogether,0.318,0.601,0.782,0.835,0.938,1.421
Transformer + velocity all,9000,walking,0.373,0.604,0.755,0.828,0.951,1.189
Transformer + velocity all,9000,eating,0.261,0.422,0.616,0.756,0.941,1.426
Transformer + velocity all,9000,smoking,0.292,0.536,0.889,0.995,1.11,1.877
Transformer + velocity all,9000,discussion,0.311,0.672,0.937,1.01,1.411,1.9
Transformer + velocity all,9000,directions,0.425,0.663,0.814,0.913,1.021,1.618
Transformer + velocity all,9000,greeting,0.537,0.876,1.289,1.469,1.787,2.201
Transformer + velocity all,9000,phoning,0.619,1.15,1.538,1.676,1.578,2.035
Transformer + velocity all,9000,posing,0.344,0.669,1.237,1.503,1.733,2.457
Transformer + velocity all,9000,purchases,0.585,0.825,1.124,1.181,1.569,2.363
Transformer + velocity all,9000,sitting,0.42,0.669,1.08,1.27,1.436,2.005
Transformer + velocity all,9000,sittingdown,0.451,0.846,1.252,1.419,1.662,2.532
Transformer + velocity all,9000,takingphoto,0.282,0.556,0.842,0.965,1.075,1.531
Transformer + velocity all,9000,waiting,0.346,0.678,1.129,1.313,1.63,2.423
Transformer + velocity all,9000,walkingdog,0.584,0.942,1.219,1.347,1.674,2.171
Transformer + velocity all,9000,walkingtogether,0.314,0.595,0.759,0.8,0.891,1.49
Transformer + velocity all,10000,walking,0.364,0.589,0.733,0.815,0.948,1.143
Transformer + velocity all,10000,eating,0.255,0.408,0.608,0.754,0.944,1.406
Transformer + velocity all,10000,smoking,0.297,0.544,0.912,1.011,1.123,1.864
Transformer + velocity all,10000,discussion,0.31,0.679,0.954,1.003,1.36,1.793
Transformer + velocity all,10000,directions,0.417,0.645,0.789,0.874,0.947,1.493
Transformer + velocity all,10000,greeting,0.538,0.871,1.27,1.45,1.75,2.022
Transformer + velocity all,10000,phoning,0.619,1.145,1.547,1.702,1.598,1.91
Transformer + velocity all,10000,posing,0.327,0.662,1.27,1.551,1.764,2.432
Transformer + velocity all,10000,purchases,0.582,0.815,1.119,1.182,1.539,2.311
Transformer + velocity all,10000,sitting,0.421,0.677,1.082,1.27,1.447,2.054
Transformer + velocity all,10000,sittingdown,0.437,0.807,1.186,1.348,1.593,2.322
Transformer + velocity all,10000,takingphoto,0.273,0.547,0.832,0.959,1.074,1.438
Transformer + velocity all,10000,waiting,0.352,0.688,1.156,1.335,1.641,2.401
Transformer + velocity all,10000,walkingdog,0.57,0.924,1.223,1.344,1.692,2.16
Transformer + velocity all,10000,walkingtogether,0.304,0.58,0.744,0.781,0.889,1.519
