model,step,step_loss
Transformer 128/2,0,4812.1289
Transformer 128/2,10,205.4282
Transformer 128/2,20,48.0186
Transformer 128/2,30,24.7494
Transformer 128/2,40,14.7522
Transformer 128/2,50,12.1435
Transformer 128/2,60,6.7882
Transformer 128/2,70,9.8753
Transformer 128/2,80,6.4012
Transformer 128/2,90,5.201
Transformer 128/2,100,4.215
Transformer 128/2,110,3.8875
Transformer 128/2,120,3.2679
Transformer 128/2,130,3.2346
Transformer 128/2,140,2.9478
Transformer 128/2,150,3.087
Transformer 128/2,160,1.9423
Transformer 128/2,170,2.7378
Transformer 128/2,180,1.8967
Transformer 128/2,190,1.655
Transformer 128/2,200,1.682
Transformer 128/2,210,1.9215
Transformer 128/2,220,1.6699
Transformer 128/2,230,1.7091
Transformer 128/2,240,1.3719
Transformer 128/2,250,1.6459
Transformer 128/2,260,1.5445
Transformer 128/2,270,1.5049
Transformer 128/2,280,1.8212
Transformer 128/2,290,1.5974
Transformer 128/2,300,1.3417
Transformer 128/2,310,1.3019
Transformer 128/2,320,1.2176
Transformer 128/2,330,1.1643
Transformer 128/2,340,1.5311
Transformer 128/2,350,1.4552
Transformer 128/2,360,1.5611
Transformer 128/2,370,1.4085
Transformer 128/2,380,1.5227
Transformer 128/2,390,1.4125
Transformer 128/2,400,1.2808
Transformer 128/2,410,1.166
Transformer 128/2,420,1.2906
Transformer 128/2,430,1.1395
Transformer 128/2,440,1.2304
Transformer 128/2,450,0.9868
Transformer 128/2,460,1.0391
Transformer 128/2,470,1.1099
Transformer 128/2,480,1.0502
Transformer 128/2,490,1.0586
Transformer 128/2,500,1.0609
Transformer 128/2,510,1.171
Transformer 128/2,520,0.9362
Transformer 128/2,530,1.0166
Transformer 128/2,540,1.0891
Transformer 128/2,550,1.2976
Transformer 128/2,560,0.9787
Transformer 128/2,570,1.0106
Transformer 128/2,580,0.8592
Transformer 128/2,590,1.0762
Transformer 128/2,600,1.2504
Transformer 128/2,610,0.9623
Transformer 128/2,620,1.2895
Transformer 128/2,630,1.2527
Transformer 128/2,640,1.5653
Transformer 128/2,650,1.1311
Transformer 128/2,660,1.1371
Transformer 128/2,670,1.3587
Transformer 128/2,680,1.0358
Transformer 128/2,690,1.0759
Transformer 128/2,700,1.1129
Transformer 128/2,710,1.1278
Transformer 128/2,720,1.1547
Transformer 128/2,730,1.104
Transformer 128/2,740,0.9598
Transformer 128/2,750,1.0166
Transformer 128/2,760,1.1694
Transformer 128/2,770,0.9801
Transformer 128/2,780,0.8768
Transformer 128/2,790,1.342
Transformer 128/2,800,0.9644
Transformer 128/2,810,0.9651
Transformer 128/2,820,0.9503
Transformer 128/2,830,0.9753
Transformer 128/2,840,0.9603
Transformer 128/2,850,0.9121
Transformer 128/2,860,0.9717
Transformer 128/2,870,0.8149
Transformer 128/2,880,0.8764
Transformer 128/2,890,0.9638
Transformer 128/2,900,0.9857
Transformer 128/2,910,0.9587
Transformer 128/2,920,0.8749
Transformer 128/2,930,0.931
Transformer 128/2,940,0.8252
Transformer 128/2,950,0.8683
Transformer 128/2,960,0.823
Transformer 128/2,970,0.7753
Transformer 128/2,980,0.8671
Transformer 128/2,990,1.0196
Transformer 128/2,1000,0.7673
Transformer 128/2,1010,0.8177
Transformer 128/2,1020,1.0257
Transformer 128/2,1030,0.8359
Transformer 128/2,1040,1.0637
Transformer 128/2,1050,0.867
Transformer 128/2,1060,0.8281
Transformer 128/2,1070,0.8389
Transformer 128/2,1080,0.6862
Transformer 128/2,1090,0.9394
Transformer 128/2,1100,0.7868
Transformer 128/2,1110,1.1337
Transformer 128/2,1120,0.9683
Transformer 128/2,1130,0.7021
Transformer 128/2,1140,0.7464
Transformer 128/2,1150,0.9132
Transformer 128/2,1160,0.8241
Transformer 128/2,1170,0.7869
Transformer 128/2,1180,0.9742
Transformer 128/2,1190,0.9941
Transformer 128/2,1200,0.9684
Transformer 128/2,1210,0.835
Transformer 128/2,1220,0.878
Transformer 128/2,1230,0.9198
Transformer 128/2,1240,0.8138
Transformer 128/2,1250,0.8677
Transformer 128/2,1260,0.8754
Transformer 128/2,1270,0.9599
Transformer 128/2,1280,0.8595
Transformer 128/2,1290,0.876
Transformer 128/2,1300,0.9099
Transformer 128/2,1310,0.7786
Transformer 128/2,1320,0.7715
Transformer 128/2,1330,0.779
Transformer 128/2,1340,0.7737
Transformer 128/2,1350,0.8891
Transformer 128/2,1360,0.936
Transformer 128/2,1370,0.9511
Transformer 128/2,1380,1.0605
Transformer 128/2,1390,0.8046
Transformer 128/2,1400,0.8095
Transformer 128/2,1410,1.193
Transformer 128/2,1420,1.0742
Transformer 128/2,1430,0.815
Transformer 128/2,1440,0.824
Transformer 128/2,1450,0.7474
Transformer 128/2,1460,0.7254
Transformer 128/2,1470,0.8052
Transformer 128/2,1480,0.7001
Transformer 128/2,1490,0.7293
Transformer 128/2,1500,0.806
Transformer 128/2,1510,0.7576
Transformer 128/2,1520,0.9034
Transformer 128/2,1530,0.7963
Transformer 128/2,1540,0.8793
Transformer 128/2,1550,0.9269
Transformer 128/2,1560,0.747
Transformer 128/2,1570,0.8951
Transformer 128/2,1580,0.737
Transformer 128/2,1590,0.8227
Transformer 128/2,1600,0.8379
Transformer 128/2,1610,0.748
Transformer 128/2,1620,0.7398
Transformer 128/2,1630,0.7125
Transformer 128/2,1640,0.7151
Transformer 128/2,1650,0.7806
Transformer 128/2,1660,0.6903
Transformer 128/2,1670,0.9654
Transformer 128/2,1680,0.7875
Transformer 128/2,1690,0.8684
Transformer 128/2,1700,0.6882
Transformer 128/2,1710,1.0978
Transformer 128/2,1720,0.8446
Transformer 128/2,1730,0.6987
Transformer 128/2,1740,0.719
Transformer 128/2,1750,0.779
Transformer 128/2,1760,0.7008
Transformer 128/2,1770,0.8603
Transformer 128/2,1780,0.7652
Transformer 128/2,1790,0.9366
Transformer 128/2,1800,0.7652
Transformer 128/2,1810,0.7522
Transformer 128/2,1820,0.902
Transformer 128/2,1830,0.7239
Transformer 128/2,1840,0.9212
Transformer 128/2,1850,0.8869
Transformer 128/2,1860,0.7599
Transformer 128/2,1870,0.9021
Transformer 128/2,1880,0.9488
Transformer 128/2,1890,1.0319
Transformer 128/2,1900,0.715
Transformer 128/2,1910,0.7264
Transformer 128/2,1920,0.781
Transformer 128/2,1930,0.7248
Transformer 128/2,1940,0.8339
Transformer 128/2,1950,0.7534
Transformer 128/2,1960,0.8611
Transformer 128/2,1970,0.7849
Transformer 128/2,1980,0.782
Transformer 128/2,1990,0.8087
Transformer 128/2,2000,0.7257
Transformer 128/2,2010,0.7722
Transformer 128/2,2020,0.763
Transformer 128/2,2030,0.6256
Transformer 128/2,2040,0.6589
Transformer 128/2,2050,0.683
Transformer 128/2,2060,0.681
Transformer 128/2,2070,0.6764
Transformer 128/2,2080,0.8446
Transformer 128/2,2090,0.8012
Transformer 128/2,2100,0.6335
Transformer 128/2,2110,0.6429
Transformer 128/2,2120,0.7619
Transformer 128/2,2130,0.6308
Transformer 128/2,2140,0.81
Transformer 128/2,2150,0.8957
Transformer 128/2,2160,0.946
Transformer 128/2,2170,0.8418
Transformer 128/2,2180,0.6193
Transformer 128/2,2190,0.6776
Transformer 128/2,2200,0.6969
Transformer 128/2,2210,0.8785
Transformer 128/2,2220,0.699
Transformer 128/2,2230,0.9256
Transformer 128/2,2240,0.7679
Transformer 128/2,2250,0.7091
Transformer 128/2,2260,0.7312
Transformer 128/2,2270,0.6554
Transformer 128/2,2280,0.55
Transformer 128/2,2290,0.8562
Transformer 128/2,2300,0.6703
Transformer 128/2,2310,0.6512
Transformer 128/2,2320,0.761
Transformer 128/2,2330,0.7172
Transformer 128/2,2340,0.6954
Transformer 128/2,2350,0.7644
Transformer 128/2,2360,0.7492
Transformer 128/2,2370,0.6469
Transformer 128/2,2380,0.6402
Transformer 128/2,2390,0.7368
Transformer 128/2,2400,0.7868
Transformer 128/2,2410,0.6729
Transformer 128/2,2420,0.5968
Transformer 128/2,2430,0.6305
Transformer 128/2,2440,0.7708
Transformer 128/2,2450,0.5369
Transformer 128/2,2460,0.6698
Transformer 128/2,2470,0.893
Transformer 128/2,2480,0.7653
Transformer 128/2,2490,0.6279
Transformer 128/2,2500,0.885
Transformer 128/2,2510,0.7375
Transformer 128/2,2520,0.7183
Transformer 128/2,2530,0.832
Transformer 128/2,2540,0.7267
Transformer 128/2,2550,0.7757
Transformer 128/2,2560,0.7066
Transformer 128/2,2570,0.6929
Transformer 128/2,2580,0.6523
Transformer 128/2,2590,0.751
Transformer 128/2,2600,0.7902
Transformer 128/2,2610,0.7794
Transformer 128/2,2620,0.7806
Transformer 128/2,2630,0.8753
Transformer 128/2,2640,0.8154
Transformer 128/2,2650,0.6691
Transformer 128/2,2660,0.7837
Transformer 128/2,2670,0.7226
Transformer 128/2,2680,0.6779
Transformer 128/2,2690,0.7219
Transformer 128/2,2700,0.7689
Transformer 128/2,2710,0.8366
Transformer 128/2,2720,0.7019
Transformer 128/2,2730,0.6725
Transformer 128/2,2740,0.5743
Transformer 128/2,2750,0.6599
Transformer 128/2,2760,0.6276
Transformer 128/2,2770,0.7363
Transformer 128/2,2780,0.7615
Transformer 128/2,2790,0.59
Transformer 128/2,2800,0.7601
Transformer 128/2,2810,0.6728
Transformer 128/2,2820,0.863
Transformer 128/2,2830,0.7473
Transformer 128/2,2840,0.7568
Transformer 128/2,2850,0.6257
Transformer 128/2,2860,0.7273
Transformer 128/2,2870,0.8608
Transformer 128/2,2880,0.7055
Transformer 128/2,2890,0.6797
Transformer 128/2,2900,0.5698
Transformer 128/2,2910,0.6784
Transformer 128/2,2920,0.7174
Transformer 128/2,2930,0.6826
Transformer 128/2,2940,0.6589
Transformer 128/2,2950,0.7942
Transformer 128/2,2960,0.6581
Transformer 128/2,2970,0.7259
Transformer 128/2,2980,0.6342
Transformer 128/2,2990,0.7281
Transformer 128/2,3000,0.7542
Transformer 128/2,3010,0.6288
Transformer 128/2,3020,0.714
Transformer 128/2,3030,0.6228
Transformer 128/2,3040,0.6326
Transformer 128/2,3050,0.7215
Transformer 128/2,3060,0.7639
Transformer 128/2,3070,0.6521
Transformer 128/2,3080,0.6922
Transformer 128/2,3090,0.6109
Transformer 128/2,3100,0.6425
Transformer 128/2,3110,0.7217
Transformer 128/2,3120,0.6314
Transformer 128/2,3130,0.8908
Transformer 128/2,3140,0.6159
Transformer 128/2,3150,0.7182
Transformer 128/2,3160,0.7004
Transformer 128/2,3170,0.6397
Transformer 128/2,3180,0.7316
Transformer 128/2,3190,0.8008
Transformer 128/2,3200,0.6297
Transformer 128/2,3210,0.7502
Transformer 128/2,3220,0.6643
Transformer 128/2,3230,0.7242
Transformer 128/2,3240,0.6432
Transformer 128/2,3250,0.6302
Transformer 128/2,3260,0.5872
Transformer 128/2,3270,0.7612
Transformer 128/2,3280,0.6468
Transformer 128/2,3290,0.7177
Transformer 128/2,3300,0.6248
Transformer 128/2,3310,0.6451
Transformer 128/2,3320,0.6349
Transformer 128/2,3330,0.6511
Transformer 128/2,3340,0.6819
Transformer 128/2,3350,0.5888
Transformer 128/2,3360,0.6998
Transformer 128/2,3370,0.6918
Transformer 128/2,3380,0.7185
Transformer 128/2,3390,0.6446
Transformer 128/2,3400,0.7735
Transformer 128/2,3410,0.6862
Transformer 128/2,3420,0.648
Transformer 128/2,3430,0.5348
Transformer 128/2,3440,0.5377
Transformer 128/2,3450,0.7499
Transformer 128/2,3460,0.6692
Transformer 128/2,3470,0.6321
Transformer 128/2,3480,0.7338
Transformer 128/2,3490,0.6037
Transformer 128/2,3500,0.625
Transformer 128/2,3510,0.5245
Transformer 128/2,3520,0.6272
Transformer 128/2,3530,0.6375
Transformer 128/2,3540,0.6554
Transformer 128/2,3550,0.6327
Transformer 128/2,3560,0.7411
Transformer 128/2,3570,0.5785
Transformer 128/2,3580,0.656
Transformer 128/2,3590,0.8022
Transformer 128/2,3600,0.6022
Transformer 128/2,3610,0.5997
Transformer 128/2,3620,0.6329
Transformer 128/2,3630,0.6126
Transformer 128/2,3640,0.6085
Transformer 128/2,3650,0.6072
Transformer 128/2,3660,0.6537
Transformer 128/2,3670,0.5731
Transformer 128/2,3680,0.6559
Transformer 128/2,3690,0.6174
Transformer 128/2,3700,0.8455
Transformer 128/2,3710,0.5906
Transformer 128/2,3720,0.6478
Transformer 128/2,3730,0.5585
Transformer 128/2,3740,0.5694
Transformer 128/2,3750,0.6519
Transformer 128/2,3760,0.7098
Transformer 128/2,3770,0.6781
Transformer 128/2,3780,0.5878
Transformer 128/2,3790,0.5752
Transformer 128/2,3800,0.6301
Transformer 128/2,3810,0.5192
Transformer 128/2,3820,0.5452
Transformer 128/2,3830,0.6161
Transformer 128/2,3840,0.6365
Transformer 128/2,3850,0.7117
Transformer 128/2,3860,0.6721
Transformer 128/2,3870,0.7454
Transformer 128/2,3880,0.6909
Transformer 128/2,3890,0.6604
Transformer 128/2,3900,0.6954
Transformer 128/2,3910,0.6047
Transformer 128/2,3920,0.6532
Transformer 128/2,3930,0.6764
Transformer 128/2,3940,0.6817
Transformer 128/2,3950,0.6416
Transformer 128/2,3960,0.5983
Transformer 128/2,3970,0.6462
Transformer 128/2,3980,0.5762
Transformer 128/2,3990,0.7721
Transformer 128/2,4000,0.7642
Transformer 128/2,4010,0.6384
Transformer 128/2,4020,0.6913
Transformer 128/2,4030,0.6518
Transformer 128/2,4040,0.6172
Transformer 128/2,4050,0.7116
Transformer 128/2,4060,0.6873
Transformer 128/2,4070,0.6186
Transformer 128/2,4080,0.6547
Transformer 128/2,4090,0.657
Transformer 128/2,4100,0.6451
Transformer 128/2,4110,0.6223
Transformer 128/2,4120,0.6284
Transformer 128/2,4130,0.472
Transformer 128/2,4140,0.6215
Transformer 128/2,4150,0.6496
Transformer 128/2,4160,0.5813
Transformer 128/2,4170,0.625
Transformer 128/2,4180,0.7209
Transformer 128/2,4190,0.6791
Transformer 128/2,4200,0.5718
Transformer 128/2,4210,0.7906
Transformer 128/2,4220,0.6058
Transformer 128/2,4230,0.7135
Transformer 128/2,4240,0.4817
Transformer 128/2,4250,0.7328
Transformer 128/2,4260,0.6823
Transformer 128/2,4270,0.6803
Transformer 128/2,4280,0.5546
Transformer 128/2,4290,0.6729
Transformer 128/2,4300,0.608
Transformer 128/2,4310,0.6506
Transformer 128/2,4320,0.7201
Transformer 128/2,4330,0.6642
Transformer 128/2,4340,0.6947
Transformer 128/2,4350,0.6947
Transformer 128/2,4360,0.752
Transformer 128/2,4370,0.7734
Transformer 128/2,4380,0.6409
Transformer 128/2,4390,0.7534
Transformer 128/2,4400,0.6507
Transformer 128/2,4410,0.5654
Transformer 128/2,4420,0.8121
Transformer 128/2,4430,0.7234
Transformer 128/2,4440,0.7492
Transformer 128/2,4450,0.707
Transformer 128/2,4460,0.6183
Transformer 128/2,4470,0.6696
Transformer 128/2,4480,0.6367
Transformer 128/2,4490,0.5952
Transformer 128/2,4500,0.6034
Transformer 128/2,4510,0.5707
Transformer 128/2,4520,0.6088
Transformer 128/2,4530,0.6121
Transformer 128/2,4540,0.5656
Transformer 128/2,4550,0.5879
Transformer 128/2,4560,0.6459
Transformer 128/2,4570,0.5636
Transformer 128/2,4580,0.585
Transformer 128/2,4590,0.5535
Transformer 128/2,4600,0.5384
Transformer 128/2,4610,0.5461
Transformer 128/2,4620,0.673
Transformer 128/2,4630,0.5885
Transformer 128/2,4640,0.5065
Transformer 128/2,4650,0.6581
Transformer 128/2,4660,0.5664
Transformer 128/2,4670,0.5942
Transformer 128/2,4680,0.682
Transformer 128/2,4690,0.5833
Transformer 128/2,4700,0.7435
Transformer 128/2,4710,0.6078
Transformer 128/2,4720,0.5294
Transformer 128/2,4730,0.5709
Transformer 128/2,4740,0.5869
Transformer 128/2,4750,0.5849
Transformer 128/2,4760,0.7616
Transformer 128/2,4770,0.7417
Transformer 128/2,4780,0.6984
Transformer 128/2,4790,0.6541
Transformer 128/2,4800,0.5599
Transformer 128/2,4810,0.58
Transformer 128/2,4820,0.58
Transformer 128/2,4830,0.5135
Transformer 128/2,4840,0.5741
Transformer 128/2,4850,0.6682
Transformer 128/2,4860,0.5626
Transformer 128/2,4870,0.6025
Transformer 128/2,4880,0.5397
Transformer 128/2,4890,0.5192
Transformer 128/2,4900,0.6066
Transformer 128/2,4910,0.571
Transformer 128/2,4920,0.6682
Transformer 128/2,4930,0.6115
Transformer 128/2,4940,0.71
Transformer 128/2,4950,0.5273
Transformer 128/2,4960,0.5642
Transformer 128/2,4970,0.6057
Transformer 128/2,4980,0.6592
Transformer 128/2,4990,0.6589
Transformer 128/2,5000,0.5524
Transformer 128/2,5010,0.4301
Transformer 128/2,5020,0.5766
Transformer 128/2,5030,0.4635
Transformer 128/2,5040,0.5141
Transformer 128/2,5050,0.5948
Transformer 128/2,5060,0.5424
Transformer 128/2,5070,0.5913
Transformer 128/2,5080,0.5486
Transformer 128/2,5090,0.6302
Transformer 128/2,5100,0.6437
Transformer 128/2,5110,0.5013
Transformer 128/2,5120,0.6117
Transformer 128/2,5130,0.6292
Transformer 128/2,5140,0.58
Transformer 128/2,5150,0.7072
Transformer 128/2,5160,0.6965
Transformer 128/2,5170,0.5765
Transformer 128/2,5180,0.5704
Transformer 128/2,5190,0.5877
Transformer 128/2,5200,0.6256
Transformer 128/2,5210,0.5138
Transformer 128/2,5220,0.6537
Transformer 128/2,5230,0.6072
Transformer 128/2,5240,0.5198
Transformer 128/2,5250,0.5535
Transformer 128/2,5260,0.6457
Transformer 128/2,5270,0.5691
Transformer 128/2,5280,0.559
Transformer 128/2,5290,0.5722
Transformer 128/2,5300,0.5782
Transformer 128/2,5310,0.5897
Transformer 128/2,5320,0.5922
Transformer 128/2,5330,0.5183
Transformer 128/2,5340,0.5592
Transformer 128/2,5350,0.524
Transformer 128/2,5360,0.5696
Transformer 128/2,5370,0.6315
Transformer 128/2,5380,0.6092
Transformer 128/2,5390,0.4543
Transformer 128/2,5400,0.6036
Transformer 128/2,5410,0.5736
Transformer 128/2,5420,0.623
Transformer 128/2,5430,0.6012
Transformer 128/2,5440,0.587
Transformer 128/2,5450,0.5965
Transformer 128/2,5460,0.6276
Transformer 128/2,5470,0.6253
Transformer 128/2,5480,0.6054
Transformer 128/2,5490,0.6525
Transformer 128/2,5500,0.5977
Transformer 128/2,5510,0.571
Transformer 128/2,5520,0.5542
Transformer 128/2,5530,0.581
Transformer 128/2,5540,0.6252
Transformer 128/2,5550,0.4647
Transformer 128/2,5560,0.5271
Transformer 128/2,5570,0.6943
Transformer 128/2,5580,0.5861
Transformer 128/2,5590,0.5872
Transformer 128/2,5600,0.4829
Transformer 128/2,5610,0.4544
Transformer 128/2,5620,0.602
Transformer 128/2,5630,0.5738
Transformer 128/2,5640,0.6214
Transformer 128/2,5650,0.5328
Transformer 128/2,5660,0.6199
Transformer 128/2,5670,0.5773
Transformer 128/2,5680,0.5254
Transformer 128/2,5690,0.5138
Transformer 128/2,5700,0.5686
Transformer 128/2,5710,0.4804
Transformer 128/2,5720,0.5371
Transformer 128/2,5730,0.6025
Transformer 128/2,5740,0.755
Transformer 128/2,5750,0.5669
Transformer 128/2,5760,0.4841
Transformer 128/2,5770,0.516
Transformer 128/2,5780,0.6506
Transformer 128/2,5790,0.5755
Transformer 128/2,5800,0.5469
Transformer 128/2,5810,0.5673
Transformer 128/2,5820,0.5238
Transformer 128/2,5830,0.5723
Transformer 128/2,5840,0.4479
Transformer 128/2,5850,0.6038
Transformer 128/2,5860,0.4225
Transformer 128/2,5870,0.5568
Transformer 128/2,5880,0.6056
Transformer 128/2,5890,0.5245
Transformer 128/2,5900,0.521
Transformer 128/2,5910,0.5631
Transformer 128/2,5920,0.4824
Transformer 128/2,5930,0.6072
Transformer 128/2,5940,0.5536
Transformer 128/2,5950,0.549
Transformer 128/2,5960,0.4915
Transformer 128/2,5970,0.6615
Transformer 128/2,5980,0.5347
Transformer 128/2,5990,0.4456
Transformer 128/2,6000,0.5591
Transformer 128/2,6010,0.5589
Transformer 128/2,6020,0.5683
Transformer 128/2,6030,0.6025
Transformer 128/2,6040,0.4772
Transformer 128/2,6050,0.5481
Transformer 128/2,6060,0.6448
Transformer 128/2,6070,0.6215
Transformer 128/2,6080,0.536
Transformer 128/2,6090,0.5594
Transformer 128/2,6100,0.5143
Transformer 128/2,6110,0.6171
Transformer 128/2,6120,0.5148
Transformer 128/2,6130,0.5472
Transformer 128/2,6140,0.4844
Transformer 128/2,6150,0.4948
Transformer 128/2,6160,0.4606
Transformer 128/2,6170,0.5351
Transformer 128/2,6180,0.526
Transformer 128/2,6190,0.5402
Transformer 128/2,6200,0.5013
Transformer 128/2,6210,0.5713
Transformer 128/2,6220,0.5213
Transformer 128/2,6230,0.5757
Transformer 128/2,6240,0.5271
Transformer 128/2,6250,0.4643
Transformer 128/2,6260,0.5721
Transformer 128/2,6270,0.5532
Transformer 128/2,6280,0.6129
Transformer 128/2,6290,0.5495
Transformer 128/2,6300,0.4912
Transformer 128/2,6310,0.6226
Transformer 128/2,6320,0.4846
Transformer 128/2,6330,0.6098
Transformer 128/2,6340,0.5553
Transformer 128/2,6350,0.4348
Transformer 128/2,6360,0.5271
Transformer 128/2,6370,0.6432
Transformer 128/2,6380,0.5274
Transformer 128/2,6390,0.4728
Transformer 128/2,6400,0.5729
Transformer 128/2,6410,0.4892
Transformer 128/2,6420,0.4162
Transformer 128/2,6430,0.5382
Transformer 128/2,6440,0.6434
Transformer 128/2,6450,0.5394
Transformer 128/2,6460,0.563
Transformer 128/2,6470,0.5424
Transformer 128/2,6480,0.6047
Transformer 128/2,6490,0.5448
Transformer 128/2,6500,0.5237
Transformer 128/2,6510,0.4697
Transformer 128/2,6520,0.6355
Transformer 128/2,6530,0.6101
Transformer 128/2,6540,0.5977
Transformer 128/2,6550,0.5722
Transformer 128/2,6560,0.5888
Transformer 128/2,6570,0.5305
Transformer 128/2,6580,0.5729
Transformer 128/2,6590,0.5991
Transformer 128/2,6600,0.4049
Transformer 128/2,6610,0.5391
Transformer 128/2,6620,0.5749
Transformer 128/2,6630,0.5215
Transformer 128/2,6640,0.5665
Transformer 128/2,6650,0.6722
Transformer 128/2,6660,0.6086
Transformer 128/2,6670,0.7093
Transformer 128/2,6680,0.4874
Transformer 128/2,6690,0.6209
Transformer 128/2,6700,0.5645
Transformer 128/2,6710,0.6418
Transformer 128/2,6720,0.6039
Transformer 128/2,6730,0.5223
Transformer 128/2,6740,0.5608
Transformer 128/2,6750,0.5403
Transformer 128/2,6760,0.4442
Transformer 128/2,6770,0.529
Transformer 128/2,6780,0.626
Transformer 128/2,6790,0.5501
Transformer 128/2,6800,0.4791
Transformer 128/2,6810,0.5473
Transformer 128/2,6820,0.5143
Transformer 128/2,6830,0.5437
Transformer 128/2,6840,0.4259
Transformer 128/2,6850,0.5686
Transformer 128/2,6860,0.5351
Transformer 128/2,6870,0.6068
Transformer 128/2,6880,0.4613
Transformer 128/2,6890,0.6223
Transformer 128/2,6900,0.5785
Transformer 128/2,6910,0.6467
Transformer 128/2,6920,0.4842
Transformer 128/2,6930,0.512
Transformer 128/2,6940,0.5305
Transformer 128/2,6950,0.5592
Transformer 128/2,6960,0.491
Transformer 128/2,6970,0.4684
Transformer 128/2,6980,0.4563
Transformer 128/2,6990,0.5885
Transformer 128/2,7000,0.5134
Transformer 128/2,7010,0.5105
Transformer 128/2,7020,0.4596
Transformer 128/2,7030,0.549
Transformer 128/2,7040,0.5835
Transformer 128/2,7050,0.6427
Transformer 128/2,7060,0.6083
Transformer 128/2,7070,0.6611
Transformer 128/2,7080,0.4771
Transformer 128/2,7090,0.6336
Transformer 128/2,7100,0.533
Transformer 128/2,7110,0.4757
Transformer 128/2,7120,0.4823
Transformer 128/2,7130,0.6073
Transformer 128/2,7140,0.5022
Transformer 128/2,7150,0.4946
Transformer 128/2,7160,0.5113
Transformer 128/2,7170,0.5756
Transformer 128/2,7180,0.6123
Transformer 128/2,7190,0.6028
Transformer 128/2,7200,0.5027
Transformer 128/2,7210,0.6755
Transformer 128/2,7220,0.4135
Transformer 128/2,7230,0.5019
Transformer 128/2,7240,0.5453
Transformer 128/2,7250,0.5403
Transformer 128/2,7260,0.5218
Transformer 128/2,7270,0.5262
Transformer 128/2,7280,0.5211
Transformer 128/2,7290,0.4434
Transformer 128/2,7300,0.5765
Transformer 128/2,7310,0.5675
Transformer 128/2,7320,0.4907
Transformer 128/2,7330,0.4499
Transformer 128/2,7340,0.5678
Transformer 128/2,7350,0.4937
Transformer 128/2,7360,0.5827
Transformer 128/2,7370,0.4272
Transformer 128/2,7380,0.6429
Transformer 128/2,7390,0.5117
Transformer 128/2,7400,0.5695
Transformer 128/2,7410,0.5422
Transformer 128/2,7420,0.5605
Transformer 128/2,7430,0.4286
Transformer 128/2,7440,0.4774
Transformer 128/2,7450,0.6378
Transformer 128/2,7460,0.4607
Transformer 128/2,7470,0.3653
Transformer 128/2,7480,0.581
Transformer 128/2,7490,0.4412
Transformer 128/2,7500,0.4498
Transformer 128/2,7510,0.5877
Transformer 128/2,7520,0.6416
Transformer 128/2,7530,0.5596
Transformer 128/2,7540,0.5361
Transformer 128/2,7550,0.5568
Transformer 128/2,7560,0.5757
Transformer 128/2,7570,0.5792
Transformer 128/2,7580,0.545
Transformer 128/2,7590,0.4817
Transformer 128/2,7600,0.5926
Transformer 128/2,7610,0.4871
Transformer 128/2,7620,0.504
Transformer 128/2,7630,0.5566
Transformer 128/2,7640,0.5326
Transformer 128/2,7650,0.6161
Transformer 128/2,7660,0.4082
Transformer 128/2,7670,0.3964
Transformer 128/2,7680,0.5231
Transformer 128/2,7690,0.4331
Transformer 128/2,7700,0.4195
Transformer 128/2,7710,0.5395
Transformer 128/2,7720,0.5924
Transformer 128/2,7730,0.6015
Transformer 128/2,7740,0.5026
Transformer 128/2,7750,0.5386
Transformer 128/2,7760,0.6452
Transformer 128/2,7770,0.5
Transformer 128/2,7780,0.5204
Transformer 128/2,7790,0.5753
Transformer 128/2,7800,0.473
Transformer 128/2,7810,0.5088
Transformer 128/2,7820,0.5126
Transformer 128/2,7830,0.4365
Transformer 128/2,7840,0.4502
Transformer 128/2,7850,0.6643
Transformer 128/2,7860,0.3896
Transformer 128/2,7870,0.5575
Transformer 128/2,7880,0.5031
Transformer 128/2,7890,0.4821
Transformer 128/2,7900,0.5019
Transformer 128/2,7910,0.5328
Transformer 128/2,7920,0.4593
Transformer 128/2,7930,0.5123
Transformer 128/2,7940,0.6078
Transformer 128/2,7950,0.4723
Transformer 128/2,7960,0.4671
Transformer 128/2,7970,0.6399
Transformer 128/2,7980,0.435
Transformer 128/2,7990,0.5163
Transformer 128/2,8000,0.3483
Transformer 128/2,8010,0.4929
Transformer 128/2,8020,0.4528
Transformer 128/2,8030,0.5296
Transformer 128/2,8040,0.4539
Transformer 128/2,8050,0.4654
Transformer 128/2,8060,0.5875
Transformer 128/2,8070,0.472
Transformer 128/2,8080,0.4018
Transformer 128/2,8090,0.4825
Transformer 128/2,8100,0.4099
Transformer 128/2,8110,0.3938
Transformer 128/2,8120,0.4627
Transformer 128/2,8130,0.4997
Transformer 128/2,8140,0.4951
Transformer 128/2,8150,0.4638
Transformer 128/2,8160,0.47
Transformer 128/2,8170,0.4476
Transformer 128/2,8180,0.5073
Transformer 128/2,8190,0.4256
Transformer 128/2,8200,0.4539
Transformer 128/2,8210,0.3799
Transformer 128/2,8220,0.3811
Transformer 128/2,8230,0.4377
Transformer 128/2,8240,0.5009
Transformer 128/2,8250,0.4514
Transformer 128/2,8260,0.4246
Transformer 128/2,8270,0.599
Transformer 128/2,8280,0.4721
Transformer 128/2,8290,0.3875
Transformer 128/2,8300,0.4114
Transformer 128/2,8310,0.5048
Transformer 128/2,8320,0.5171
Transformer 128/2,8330,0.4008
Transformer 128/2,8340,0.4403
Transformer 128/2,8350,0.4544
Transformer 128/2,8360,0.4023
Transformer 128/2,8370,0.382
Transformer 128/2,8380,0.441
Transformer 128/2,8390,0.4867
Transformer 128/2,8400,0.379
Transformer 128/2,8410,0.4194
Transformer 128/2,8420,0.4269
Transformer 128/2,8430,0.4298
Transformer 128/2,8440,0.5253
Transformer 128/2,8450,0.4416
Transformer 128/2,8460,0.4808
Transformer 128/2,8470,0.3475
Transformer 128/2,8480,0.4163
Transformer 128/2,8490,0.3513
Transformer 128/2,8500,0.4141
Transformer 128/2,8510,0.3709
Transformer 128/2,8520,0.3775
Transformer 128/2,8530,0.3887
Transformer 128/2,8540,0.4178
Transformer 128/2,8550,0.7272
Transformer 128/2,8560,0.3819
Transformer 128/2,8570,0.4253
Transformer 128/2,8580,0.3791
Transformer 128/2,8590,0.3972
Transformer 128/2,8600,0.4786
Transformer 128/2,8610,0.4049
Transformer 128/2,8620,0.379
Transformer 128/2,8630,0.3904
Transformer 128/2,8640,0.4737
Transformer 128/2,8650,0.3815
Transformer 128/2,8660,0.4149
Transformer 128/2,8670,0.4357
Transformer 128/2,8680,0.404
Transformer 128/2,8690,0.4245
Transformer 128/2,8700,0.3706
Transformer 128/2,8710,0.4221
Transformer 128/2,8720,0.3521
Transformer 128/2,8730,0.4737
Transformer 128/2,8740,0.4038
Transformer 128/2,8750,0.4176
Transformer 128/2,8760,0.4309
Transformer 128/2,8770,0.3939
Transformer 128/2,8780,0.3702
Transformer 128/2,8790,0.3756
Transformer 128/2,8800,0.5243
Transformer 128/2,8810,0.4383
Transformer 128/2,8820,0.3639
Transformer 128/2,8830,0.4412
Transformer 128/2,8840,0.3486
Transformer 128/2,8850,0.3845
Transformer 128/2,8860,0.3756
Transformer 128/2,8870,0.3734
Transformer 128/2,8880,0.3293
Transformer 128/2,8890,0.3513
Transformer 128/2,8900,0.3557
Transformer 128/2,8910,0.4058
Transformer 128/2,8920,0.4694
Transformer 128/2,8930,0.4359
Transformer 128/2,8940,0.3918
Transformer 128/2,8950,0.3867
Transformer 128/2,8960,0.3406
Transformer 128/2,8970,0.4111
Transformer 128/2,8980,0.388
Transformer 128/2,8990,0.4042
Transformer 128/2,9000,0.4467
Transformer 128/2,9010,0.3506
Transformer 128/2,9020,0.4498
Transformer 128/2,9030,0.3988
Transformer 128/2,9040,0.4359
Transformer 128/2,9050,0.358
Transformer 128/2,9060,0.5249
Transformer 128/2,9070,0.422
Transformer 128/2,9080,0.42
Transformer 128/2,9090,0.3795
Transformer 128/2,9100,0.3579
Transformer 128/2,9110,0.3844
Transformer 128/2,9120,0.4289
Transformer 128/2,9130,0.3819
Transformer 128/2,9140,0.3493
Transformer 128/2,9150,0.377
Transformer 128/2,9160,0.3788
Transformer 128/2,9170,0.4827
Transformer 128/2,9180,0.3728
Transformer 128/2,9190,0.3489
Transformer 128/2,9200,0.3165
Transformer 128/2,9210,0.4407
Transformer 128/2,9220,0.3835
Transformer 128/2,9230,0.3388
Transformer 128/2,9240,0.3468
Transformer 128/2,9250,0.4074
Transformer 128/2,9260,0.4391
Transformer 128/2,9270,0.3789
Transformer 128/2,9280,0.3543
Transformer 128/2,9290,0.3412
Transformer 128/2,9300,0.4432
Transformer 128/2,9310,0.3072
Transformer 128/2,9320,0.3837
Transformer 128/2,9330,0.419
Transformer 128/2,9340,0.3259
Transformer 128/2,9350,0.3943
Transformer 128/2,9360,0.4365
Transformer 128/2,9370,0.4084
Transformer 128/2,9380,0.3587
Transformer 128/2,9390,0.3678
Transformer 128/2,9400,0.3809
Transformer 128/2,9410,0.4202
Transformer 128/2,9420,0.3765
Transformer 128/2,9430,0.4238
Transformer 128/2,9440,0.3623
Transformer 128/2,9450,0.3784
Transformer 128/2,9460,0.2991
Transformer 128/2,9470,0.3513
Transformer 128/2,9480,0.3996
Transformer 128/2,9490,0.3501
Transformer 128/2,9500,0.482
Transformer 128/2,9510,0.2944
Transformer 128/2,9520,0.4046
Transformer 128/2,9530,0.4248
Transformer 128/2,9540,0.4585
Transformer 128/2,9550,0.3098
Transformer 128/2,9560,0.3639
Transformer 128/2,9570,0.2832
Transformer 128/2,9580,0.3316
Transformer 128/2,9590,0.3848
Transformer 128/2,9600,0.3414
Transformer 128/2,9610,0.3579
Transformer 128/2,9620,0.3412
Transformer 128/2,9630,0.4392
Transformer 128/2,9640,0.4846
Transformer 128/2,9650,0.3681
Transformer 128/2,9660,0.3627
Transformer 128/2,9670,0.4662
Transformer 128/2,9680,0.3618
Transformer 128/2,9690,0.3847
Transformer 128/2,9700,0.3705
Transformer 128/2,9710,0.3512
Transformer 128/2,9720,0.4156
Transformer 128/2,9730,0.3999
Transformer 128/2,9740,0.4346
Transformer 128/2,9750,0.3956
Transformer 128/2,9760,0.3377
Transformer 128/2,9770,0.301
Transformer 128/2,9780,0.3404
Transformer 128/2,9790,0.3008
Transformer 128/2,9800,0.3863
Transformer 128/2,9810,0.3291
Transformer 128/2,9820,0.357
Transformer 128/2,9830,0.3007
Transformer 128/2,9840,0.3178
Transformer 128/2,9850,0.3596
Transformer 128/2,9860,0.3266
Transformer 128/2,9870,0.3714
Transformer 128/2,9880,0.3334
Transformer 128/2,9890,0.4026
Transformer 128/2,9900,0.3938
Transformer 128/2,9910,0.3485
Transformer 128/2,9920,0.3354
Transformer 128/2,9930,0.362
Transformer 128/2,9940,0.3902
Transformer 128/2,9950,0.3889
Transformer 128/2,9960,0.3567
Transformer 128/2,9970,0.3485
Transformer 128/2,9980,0.3556
Transformer 128/2,9990,0.3971
Transformer 256/4,0,4990.583
Transformer 256/4,10,138.1902
Transformer 256/4,20,29.7159
Transformer 256/4,30,10.4133
Transformer 256/4,40,8.5755
Transformer 256/4,50,5.5604
Transformer 256/4,60,4.0178
Transformer 256/4,70,4.2548
Transformer 256/4,80,5.3037
Transformer 256/4,90,3.988
Transformer 256/4,100,4.4477
Transformer 256/4,110,4.7775
Transformer 256/4,120,3.3861
Transformer 256/4,130,2.875
Transformer 256/4,140,3.4731
Transformer 256/4,150,2.261
Transformer 256/4,160,2.4808
Transformer 256/4,170,2.3252
Transformer 256/4,180,3.297
Transformer 256/4,190,2.1389
Transformer 256/4,200,2.8295
Transformer 256/4,210,2.4677
Transformer 256/4,220,2.8386
Transformer 256/4,230,1.8556
Transformer 256/4,240,1.747
Transformer 256/4,250,3.2555
Transformer 256/4,260,2.5602
Transformer 256/4,270,3.3358
Transformer 256/4,280,3.0319
Transformer 256/4,290,2.8047
Transformer 256/4,300,2.5766
Transformer 256/4,310,2.1042
Transformer 256/4,320,2.0843
Transformer 256/4,330,1.4538
Transformer 256/4,340,2.3753
Transformer 256/4,350,2.8999
Transformer 256/4,360,2.2808
Transformer 256/4,370,2.0562
Transformer 256/4,380,2.8929
Transformer 256/4,390,3.1309
Transformer 256/4,400,2.2128
Transformer 256/4,410,2.2254
Transformer 256/4,420,5.0835
Transformer 256/4,430,2.3365
Transformer 256/4,440,1.2398
Transformer 256/4,450,2.2886
Transformer 256/4,460,2.0241
Transformer 256/4,470,2.4346
Transformer 256/4,480,1.7048
Transformer 256/4,490,2.2594
Transformer 256/4,500,2.5579
Transformer 256/4,510,2.9346
Transformer 256/4,520,2.2903
Transformer 256/4,530,1.6916
Transformer 256/4,540,1.595
Transformer 256/4,550,1.4264
Transformer 256/4,560,1.4165
Transformer 256/4,570,1.6924
Transformer 256/4,580,1.6681
Transformer 256/4,590,1.6582
Transformer 256/4,600,1.0953
Transformer 256/4,610,1.6572
Transformer 256/4,620,1.6707
Transformer 256/4,630,1.7406
Transformer 256/4,640,1.5995
Transformer 256/4,650,1.3122
Transformer 256/4,660,2.5951
Transformer 256/4,670,1.6296
Transformer 256/4,680,1.3671
Transformer 256/4,690,1.4396
Transformer 256/4,700,2.1387
Transformer 256/4,710,2.2065
Transformer 256/4,720,1.69
Transformer 256/4,730,1.5007
Transformer 256/4,740,2.1815
Transformer 256/4,750,1.5428
Transformer 256/4,760,1.5643
Transformer 256/4,770,1.6062
Transformer 256/4,780,1.3984
Transformer 256/4,790,2.5702
Transformer 256/4,800,1.2643
Transformer 256/4,810,1.3648
Transformer 256/4,820,1.7028
Transformer 256/4,830,2.7734
Transformer 256/4,840,1.2048
Transformer 256/4,850,1.4908
Transformer 256/4,860,1.5862
Transformer 256/4,870,2.0862
Transformer 256/4,880,1.5291
Transformer 256/4,890,1.4635
Transformer 256/4,900,1.9222
Transformer 256/4,910,2.3669
Transformer 256/4,920,1.0664
Transformer 256/4,930,1.5783
Transformer 256/4,940,2.2517
Transformer 256/4,950,2.2771
Transformer 256/4,960,2.0821
Transformer 256/4,970,2.1001
Transformer 256/4,980,1.7949
Transformer 256/4,990,2.7592
Transformer 256/4,1000,1.8418
Transformer 256/4,1010,2.9813
Transformer 256/4,1020,1.4828
Transformer 256/4,1030,2.442
Transformer 256/4,1040,2.2786
Transformer 256/4,1050,2.3461
Transformer 256/4,1060,2.3477
Transformer 256/4,1070,1.9551
Transformer 256/4,1080,1.8176
Transformer 256/4,1090,1.7945
Transformer 256/4,1100,1.6733
Transformer 256/4,1110,2.1218
Transformer 256/4,1120,1.9486
Transformer 256/4,1130,1.7034
Transformer 256/4,1140,1.2648
Transformer 256/4,1150,3.0673
Transformer 256/4,1160,1.3609
Transformer 256/4,1170,1.0455
Transformer 256/4,1180,2.2901
Transformer 256/4,1190,1.1309
Transformer 256/4,1200,1.4364
Transformer 256/4,1210,1.6206
Transformer 256/4,1220,1.5009
Transformer 256/4,1230,1.7013
Transformer 256/4,1240,1.4953
Transformer 256/4,1250,1.5637
Transformer 256/4,1260,1.6069
Transformer 256/4,1270,1.4469
Transformer 256/4,1280,1.6372
Transformer 256/4,1290,1.9193
Transformer 256/4,1300,0.8726
Transformer 256/4,1310,1.1553
Transformer 256/4,1320,1.4711
Transformer 256/4,1330,1.3103
Transformer 256/4,1340,1.2005
Transformer 256/4,1350,1.5493
Transformer 256/4,1360,1.1965
Transformer 256/4,1370,1.556
Transformer 256/4,1380,1.303
Transformer 256/4,1390,1.3841
Transformer 256/4,1400,1.1568
Transformer 256/4,1410,1.1451
Transformer 256/4,1420,0.9124
Transformer 256/4,1430,1.6931
Transformer 256/4,1440,1.3549
Transformer 256/4,1450,1.3451
Transformer 256/4,1460,1.4756
Transformer 256/4,1470,1.1563
Transformer 256/4,1480,1.2255
Transformer 256/4,1490,0.9731
Transformer 256/4,1500,1.3754
Transformer 256/4,1510,1.2615
Transformer 256/4,1520,1.1617
Transformer 256/4,1530,1.2367
Transformer 256/4,1540,1.0522
Transformer 256/4,1550,0.958
Transformer 256/4,1560,1.308
Transformer 256/4,1570,1.0868
Transformer 256/4,1580,1.0056
Transformer 256/4,1590,0.7218
Transformer 256/4,1600,1.4102
Transformer 256/4,1610,1.119
Transformer 256/4,1620,1.2798
Transformer 256/4,1630,1.1288
Transformer 256/4,1640,1.2438
Transformer 256/4,1650,1.1239
Transformer 256/4,1660,1.6354
Transformer 256/4,1670,1.085
Transformer 256/4,1680,1.3944
Transformer 256/4,1690,1.7956
Transformer 256/4,1700,1.3653
Transformer 256/4,1710,1.1942
Transformer 256/4,1720,1.0058
Transformer 256/4,1730,1.0788
Transformer 256/4,1740,1.7201
Transformer 256/4,1750,1.5424
Transformer 256/4,1760,1.4688
Transformer 256/4,1770,1.445
Transformer 256/4,1780,1.524
Transformer 256/4,1790,1.4395
Transformer 256/4,1800,1.3609
Transformer 256/4,1810,1.3336
Transformer 256/4,1820,1.0252
Transformer 256/4,1830,1.328
Transformer 256/4,1840,1.3516
Transformer 256/4,1850,1.1382
Transformer 256/4,1860,1.317
Transformer 256/4,1870,1.1439
Transformer 256/4,1880,1.1344
Transformer 256/4,1890,1.2537
Transformer 256/4,1900,1.3572
Transformer 256/4,1910,1.0389
Transformer 256/4,1920,1.0527
Transformer 256/4,1930,1.2383
Transformer 256/4,1940,0.9645
Transformer 256/4,1950,0.9958
Transformer 256/4,1960,1.0208
Transformer 256/4,1970,0.912
Transformer 256/4,1980,0.9
Transformer 256/4,1990,1.011
Transformer 256/4,2000,0.9474
Transformer 256/4,2010,1.0718
Transformer 256/4,2020,0.9359
Transformer 256/4,2030,0.9789
Transformer 256/4,2040,0.9327
Transformer 256/4,2050,0.8128
Transformer 256/4,2060,0.7746
Transformer 256/4,2070,1.1769
Transformer 256/4,2080,1.2341
Transformer 256/4,2090,1.0568
Transformer 256/4,2100,1.029
Transformer 256/4,2110,1.0382
Transformer 256/4,2120,1.0637
Transformer 256/4,2130,1.2501
Transformer 256/4,2140,0.7045
Transformer 256/4,2150,0.9359
Transformer 256/4,2160,0.9003
Transformer 256/4,2170,0.8788
Transformer 256/4,2180,1.0502
Transformer 256/4,2190,0.8505
Transformer 256/4,2200,0.8085
Transformer 256/4,2210,1.0604
Transformer 256/4,2220,0.9723
Transformer 256/4,2230,0.7741
Transformer 256/4,2240,0.7186
Transformer 256/4,2250,0.9867
Transformer 256/4,2260,0.7077
Transformer 256/4,2270,0.7599
Transformer 256/4,2280,0.6816
Transformer 256/4,2290,0.6135
Transformer 256/4,2300,0.779
Transformer 256/4,2310,0.6803
Transformer 256/4,2320,0.7761
Transformer 256/4,2330,0.5938
Transformer 256/4,2340,0.5124
Transformer 256/4,2350,0.746
Transformer 256/4,2360,1.358
Transformer 256/4,2370,2.3639
Transformer 256/4,2380,0.8534
Transformer 256/4,2390,0.6706
Transformer 256/4,2400,0.5613
Transformer 256/4,2410,0.6093
Transformer 256/4,2420,0.7332
Transformer 256/4,2430,0.6272
Transformer 256/4,2440,0.5629
Transformer 256/4,2450,0.6833
Transformer 256/4,2460,0.6446
Transformer 256/4,2470,0.5665
Transformer 256/4,2480,0.8398
Transformer 256/4,2490,1.5982
Transformer 256/4,2500,1.0145
Transformer 256/4,2510,3.9135
Transformer 256/4,2520,1.9482
Transformer 256/4,2530,1.9508
Transformer 256/4,2540,1.0224
Transformer 256/4,2550,1.3844
Transformer 256/4,2560,0.988
Transformer 256/4,2570,0.6136
Transformer 256/4,2580,0.6457
Transformer 256/4,2590,0.6054
Transformer 256/4,2600,0.6127
Transformer 256/4,2610,0.9245
Transformer 256/4,2620,0.6257
Transformer 256/4,2630,0.6428
Transformer 256/4,2640,0.6826
Transformer 256/4,2650,0.593
Transformer 256/4,2660,0.5486
Transformer 256/4,2670,0.5744
Transformer 256/4,2680,0.7476
Transformer 256/4,2690,0.6567
Transformer 256/4,2700,0.6598
Transformer 256/4,2710,0.5535
Transformer 256/4,2720,0.5934
Transformer 256/4,2730,1.6424
Transformer 256/4,2740,0.5775
Transformer 256/4,2750,0.644
Transformer 256/4,2760,0.5772
Transformer 256/4,2770,0.5154
Transformer 256/4,2780,0.5519
Transformer 256/4,2790,0.6992
Transformer 256/4,2800,0.5743
Transformer 256/4,2810,0.5443
Transformer 256/4,2820,0.4854
Transformer 256/4,2830,0.5058
Transformer 256/4,2840,0.5615
Transformer 256/4,2850,0.5589
Transformer 256/4,2860,0.5627
Transformer 256/4,2870,0.7024
Transformer 256/4,2880,0.5741
Transformer 256/4,2890,0.5534
Transformer 256/4,2900,0.525
Transformer 256/4,2910,0.6076
Transformer 256/4,2920,0.7141
Transformer 256/4,2930,0.555
Transformer 256/4,2940,0.6165
Transformer 256/4,2950,0.5306
Transformer 256/4,2960,0.5004
Transformer 256/4,2970,0.703
Transformer 256/4,2980,0.5048
Transformer 256/4,2990,0.5435
Transformer 256/4,3000,0.4984
Transformer 256/4,3010,0.445
Transformer 256/4,3020,0.5195
Transformer 256/4,3030,0.4847
Transformer 256/4,3040,0.4677
Transformer 256/4,3050,0.4732
Transformer 256/4,3060,0.4402
Transformer 256/4,3070,0.4761
Transformer 256/4,3080,0.4769
Transformer 256/4,3090,0.6122
Transformer 256/4,3100,0.5187
Transformer 256/4,3110,0.4009
Transformer 256/4,3120,0.5397
Transformer 256/4,3130,0.3814
Transformer 256/4,3140,0.4234
Transformer 256/4,3150,0.638
Transformer 256/4,3160,0.4618
Transformer 256/4,3170,0.4531
Transformer 256/4,3180,0.5754
Transformer 256/4,3190,0.4865
Transformer 256/4,3200,0.4947
Transformer 256/4,3210,0.5557
Transformer 256/4,3220,0.4725
Transformer 256/4,3230,0.5372
Transformer 256/4,3240,0.5306
Transformer 256/4,3250,0.5183
Transformer 256/4,3260,0.5304
Transformer 256/4,3270,0.4798
Transformer 256/4,3280,0.4742
Transformer 256/4,3290,0.5447
Transformer 256/4,3300,0.5085
Transformer 256/4,3310,0.6448
Transformer 256/4,3320,0.4961
Transformer 256/4,3330,0.6303
Transformer 256/4,3340,0.5104
Transformer 256/4,3350,0.4152
Transformer 256/4,3360,0.4654
Transformer 256/4,3370,0.4673
Transformer 256/4,3380,0.5833
Transformer 256/4,3390,0.4872
Transformer 256/4,3400,0.4807
Transformer 256/4,3410,0.4941
Transformer 256/4,3420,0.6188
Transformer 256/4,3430,0.5652
Transformer 256/4,3440,0.4064
Transformer 256/4,3450,0.4861
Transformer 256/4,3460,0.5011
Transformer 256/4,3470,0.3769
Transformer 256/4,3480,0.615
Transformer 256/4,3490,0.441
Transformer 256/4,3500,0.5376
Transformer 256/4,3510,0.5178
Transformer 256/4,3520,0.4073
Transformer 256/4,3530,0.5282
Transformer 256/4,3540,0.4643
Transformer 256/4,3550,0.4219
Transformer 256/4,3560,0.4721
Transformer 256/4,3570,0.5423
Transformer 256/4,3580,0.4506
Transformer 256/4,3590,0.452
Transformer 256/4,3600,0.6155
Transformer 256/4,3610,0.4704
Transformer 256/4,3620,0.4685
Transformer 256/4,3630,0.4777
Transformer 256/4,3640,0.5271
Transformer 256/4,3650,0.4894
Transformer 256/4,3660,0.4261
Transformer 256/4,3670,0.4671
Transformer 256/4,3680,0.4255
Transformer 256/4,3690,0.4366
Transformer 256/4,3700,0.3706
Transformer 256/4,3710,0.4057
Transformer 256/4,3720,0.3623
Transformer 256/4,3730,0.4582
Transformer 256/4,3740,0.4221
Transformer 256/4,3750,0.4803
Transformer 256/4,3760,0.4527
Transformer 256/4,3770,0.4137
Transformer 256/4,3780,0.4641
Transformer 256/4,3790,0.4572
Transformer 256/4,3800,0.3757
Transformer 256/4,3810,0.4174
Transformer 256/4,3820,0.3764
Transformer 256/4,3830,0.46
Transformer 256/4,3840,0.386
Transformer 256/4,3850,0.4397
Transformer 256/4,3860,0.4467
Transformer 256/4,3870,0.4691
Transformer 256/4,3880,0.421
Transformer 256/4,3890,0.4602
Transformer 256/4,3900,0.4011
Transformer 256/4,3910,0.3733
Transformer 256/4,3920,0.4757
Transformer 256/4,3930,0.4348
Transformer 256/4,3940,0.4285
Transformer 256/4,3950,0.4678
Transformer 256/4,3960,0.4426
Transformer 256/4,3970,0.4217
Transformer 256/4,3980,0.5035
Transformer 256/4,3990,0.4309
Transformer 256/4,4000,0.5711
Transformer 256/4,4010,0.4629
Transformer 256/4,4020,0.4363
Transformer 256/4,4030,0.4608
Transformer 256/4,4040,0.4553
Transformer 256/4,4050,0.4208
Transformer 256/4,4060,0.4017
Transformer 256/4,4070,0.4217
Transformer 256/4,4080,0.4049
Transformer 256/4,4090,0.4243
Transformer 256/4,4100,0.4875
Transformer 256/4,4110,0.4767
Transformer 256/4,4120,0.7813
Transformer 256/4,4130,0.6546
Transformer 256/4,4140,0.553
Transformer 256/4,4150,0.5244
Transformer 256/4,4160,0.3986
Transformer 256/4,4170,0.4731
Transformer 256/4,4180,0.4611
Transformer 256/4,4190,0.4516
Transformer 256/4,4200,0.5159
Transformer 256/4,4210,0.4612
Transformer 256/4,4220,0.4969
Transformer 256/4,4230,0.4542
Transformer 256/4,4240,0.3799
Transformer 256/4,4250,0.4187
Transformer 256/4,4260,0.3934
Transformer 256/4,4270,0.457
Transformer 256/4,4280,0.3765
Transformer 256/4,4290,0.5028
Transformer 256/4,4300,0.4571
Transformer 256/4,4310,0.4295
Transformer 256/4,4320,0.4367
Transformer 256/4,4330,0.3662
Transformer 256/4,4340,0.4732
Transformer 256/4,4350,0.4038
Transformer 256/4,4360,0.4507
Transformer 256/4,4370,0.4798
Transformer 256/4,4380,0.437
Transformer 256/4,4390,0.43
Transformer 256/4,4400,0.3701
Transformer 256/4,4410,0.453
Transformer 256/4,4420,0.4195
Transformer 256/4,4430,0.3547
Transformer 256/4,4440,0.4306
Transformer 256/4,4450,0.491
Transformer 256/4,4460,0.4169
Transformer 256/4,4470,0.4373
Transformer 256/4,4480,0.3838
Transformer 256/4,4490,0.3551
Transformer 256/4,4500,3.8035
Transformer 256/4,4510,4.4026
Transformer 256/4,4520,1.2923
Transformer 256/4,4530,0.475
Transformer 256/4,4540,0.5848
Transformer 256/4,4550,0.5977
Transformer 256/4,4560,0.4109
Transformer 256/4,4570,0.4771
Transformer 256/4,4580,0.4766
Transformer 256/4,4590,0.3792
Transformer 256/4,4600,0.5075
Transformer 256/4,4610,0.4027
Transformer 256/4,4620,0.4573
Transformer 256/4,4630,0.4247
Transformer 256/4,4640,0.361
Transformer 256/4,4650,0.4209
Transformer 256/4,4660,0.382
Transformer 256/4,4670,0.5147
Transformer 256/4,4680,0.402
Transformer 256/4,4690,0.3835
Transformer 256/4,4700,0.3751
Transformer 256/4,4710,0.4215
Transformer 256/4,4720,0.4665
Transformer 256/4,4730,0.4771
Transformer 256/4,4740,0.3782
Transformer 256/4,4750,0.4585
Transformer 256/4,4760,0.3963
Transformer 256/4,4770,0.4689
Transformer 256/4,4780,0.4738
Transformer 256/4,4790,0.3831
Transformer 256/4,4800,0.5806
Transformer 256/4,4810,0.4389
Transformer 256/4,4820,0.4044
Transformer 256/4,4830,0.4079
Transformer 256/4,4840,0.3994
Transformer 256/4,4850,0.4549
Transformer 256/4,4860,0.463
Transformer 256/4,4870,0.4775
Transformer 256/4,4880,0.3937
Transformer 256/4,4890,0.3895
Transformer 256/4,4900,0.4395
Transformer 256/4,4910,0.4475
Transformer 256/4,4920,0.3583
Transformer 256/4,4930,0.429
Transformer 256/4,4940,0.42
Transformer 256/4,4950,0.4339
Transformer 256/4,4960,0.413
Transformer 256/4,4970,0.4049
Transformer 256/4,4980,0.3846
Transformer 256/4,4990,0.3631
Transformer 256/4,5000,0.338
Transformer 256/4,5010,0.3401
Transformer 256/4,5020,0.3724
Transformer 256/4,5030,0.4322
Transformer 256/4,5040,0.407
Transformer 256/4,5050,0.4155
Transformer 256/4,5060,0.3777
Transformer 256/4,5070,0.4433
Transformer 256/4,5080,0.3159
Transformer 256/4,5090,0.4074
Transformer 256/4,5100,0.4365
Transformer 256/4,5110,0.4568
Transformer 256/4,5120,0.5624
Transformer 256/4,5130,0.3632
Transformer 256/4,5140,0.453
Transformer 256/4,5150,0.3736
Transformer 256/4,5160,0.4216
Transformer 256/4,5170,0.3503
Transformer 256/4,5180,0.4447
Transformer 256/4,5190,0.3912
Transformer 256/4,5200,0.3584
Transformer 256/4,5210,0.4074
Transformer 256/4,5220,0.4018
Transformer 256/4,5230,0.4324
Transformer 256/4,5240,0.3931
Transformer 256/4,5250,0.3857
Transformer 256/4,5260,0.4038
Transformer 256/4,5270,0.4177
Transformer 256/4,5280,0.3487
Transformer 256/4,5290,0.3545
Transformer 256/4,5300,0.4001
Transformer 256/4,5310,0.4242
Transformer 256/4,5320,0.373
Transformer 256/4,5330,0.455
Transformer 256/4,5340,0.5021
Transformer 256/4,5350,0.4158
Transformer 256/4,5360,0.4641
Transformer 256/4,5370,0.4843
Transformer 256/4,5380,0.4976
Transformer 256/4,5390,0.4343
Transformer 256/4,5400,0.4108
Transformer 256/4,5410,0.4286
Transformer 256/4,5420,0.4611
Transformer 256/4,5430,0.452
Transformer 256/4,5440,0.4866
Transformer 256/4,5450,0.3493
Transformer 256/4,5460,0.4462
Transformer 256/4,5470,0.3924
Transformer 256/4,5480,0.3248
Transformer 256/4,5490,0.3899
Transformer 256/4,5500,0.3877
Transformer 256/4,5510,0.4771
Transformer 256/4,5520,0.3815
Transformer 256/4,5530,0.3661
Transformer 256/4,5540,0.3263
Transformer 256/4,5550,0.3347
Transformer 256/4,5560,0.4345
Transformer 256/4,5570,0.3815
Transformer 256/4,5580,0.3387
Transformer 256/4,5590,0.4461
Transformer 256/4,5600,0.4254
Transformer 256/4,5610,0.3222
Transformer 256/4,5620,0.3866
Transformer 256/4,5630,0.3408
Transformer 256/4,5640,0.4461
Transformer 256/4,5650,0.3863
Transformer 256/4,5660,0.423
Transformer 256/4,5670,0.4631
Transformer 256/4,5680,0.3875
Transformer 256/4,5690,0.325
Transformer 256/4,5700,0.478
Transformer 256/4,5710,0.4035
Transformer 256/4,5720,0.3433
Transformer 256/4,5730,0.3725
Transformer 256/4,5740,0.4358
Transformer 256/4,5750,0.3219
Transformer 256/4,5760,0.549
Transformer 256/4,5770,0.4853
Transformer 256/4,5780,0.5311
Transformer 256/4,5790,0.4294
Transformer 256/4,5800,0.8589
Transformer 256/4,5810,0.8223
Transformer 256/4,5820,0.562
Transformer 256/4,5830,0.3937
Transformer 256/4,5840,0.4827
Transformer 256/4,5850,0.4206
Transformer 256/4,5860,0.4203
Transformer 256/4,5870,0.433
Transformer 256/4,5880,0.3103
Transformer 256/4,5890,0.4351
Transformer 256/4,5900,0.4782
Transformer 256/4,5910,0.4302
Transformer 256/4,5920,0.4458
Transformer 256/4,5930,0.4261
Transformer 256/4,5940,0.4264
Transformer 256/4,5950,0.3295
Transformer 256/4,5960,0.4709
Transformer 256/4,5970,0.3079
Transformer 256/4,5980,0.3785
Transformer 256/4,5990,0.4094
Transformer 256/4,6000,0.329
Transformer 256/4,6010,0.3639
Transformer 256/4,6020,0.3724
Transformer 256/4,6030,0.3637
Transformer 256/4,6040,0.3615
Transformer 256/4,6050,0.4182
Transformer 256/4,6060,0.297
Transformer 256/4,6070,0.3986
Transformer 256/4,6080,0.424
Transformer 256/4,6090,0.4222
Transformer 256/4,6100,0.501
Transformer 256/4,6110,0.7275
Transformer 256/4,6120,0.3815
Transformer 256/4,6130,0.4062
Transformer 256/4,6140,0.4718
Transformer 256/4,6150,0.3647
Transformer 256/4,6160,0.3361
Transformer 256/4,6170,0.4466
Transformer 256/4,6180,0.5575
Transformer 256/4,6190,0.3483
Transformer 256/4,6200,0.3777
Transformer 256/4,6210,0.4468
Transformer 256/4,6220,0.3178
Transformer 256/4,6230,0.3404
Transformer 256/4,6240,0.3359
Transformer 256/4,6250,0.3422
Transformer 256/4,6260,0.3772
Transformer 256/4,6270,0.4231
Transformer 256/4,6280,0.3712
Transformer 256/4,6290,0.3584
Transformer 256/4,6300,0.3614
Transformer 256/4,6310,0.3351
Transformer 256/4,6320,0.3587
Transformer 256/4,6330,0.3584
Transformer 256/4,6340,0.3623
Transformer 256/4,6350,0.3826
Transformer 256/4,6360,0.4003
Transformer 256/4,6370,0.3761
Transformer 256/4,6380,0.328
Transformer 256/4,6390,0.2942
Transformer 256/4,6400,0.4008
Transformer 256/4,6410,0.4206
Transformer 256/4,6420,0.3664
Transformer 256/4,6430,0.3704
Transformer 256/4,6440,0.4132
Transformer 256/4,6450,0.3802
Transformer 256/4,6460,0.4124
Transformer 256/4,6470,0.3563
Transformer 256/4,6480,0.3638
Transformer 256/4,6490,0.318
Transformer 256/4,6500,0.3741
Transformer 256/4,6510,0.3498
Transformer 256/4,6520,0.3452
Transformer 256/4,6530,0.329
Transformer 256/4,6540,0.3612
Transformer 256/4,6550,0.3852
Transformer 256/4,6560,0.3649
Transformer 256/4,6570,0.4803
Transformer 256/4,6580,0.4163
Transformer 256/4,6590,0.3239
Transformer 256/4,6600,0.4193
Transformer 256/4,6610,0.3379
Transformer 256/4,6620,0.4119
Transformer 256/4,6630,0.4045
Transformer 256/4,6640,0.3336
Transformer 256/4,6650,0.3674
Transformer 256/4,6660,0.3096
Transformer 256/4,6670,0.3252
Transformer 256/4,6680,0.3044
Transformer 256/4,6690,0.3684
Transformer 256/4,6700,0.3901
Transformer 256/4,6710,0.3183
Transformer 256/4,6720,0.3798
Transformer 256/4,6730,0.3665
Transformer 256/4,6740,0.4382
Transformer 256/4,6750,0.3474
Transformer 256/4,6760,0.4072
Transformer 256/4,6770,0.2735
Transformer 256/4,6780,0.3689
Transformer 256/4,6790,0.3469
Transformer 256/4,6800,0.2557
Transformer 256/4,6810,0.3564
Transformer 256/4,6820,0.2846
Transformer 256/4,6830,0.4319
Transformer 256/4,6840,0.3381
Transformer 256/4,6850,0.2619
Transformer 256/4,6860,0.3689
Transformer 256/4,6870,0.3552
Transformer 256/4,6880,0.3758
Transformer 256/4,6890,0.3118
Transformer 256/4,6900,0.3663
Transformer 256/4,6910,0.383
Transformer 256/4,6920,0.3235
Transformer 256/4,6930,0.3461
Transformer 256/4,6940,0.3354
Transformer 256/4,6950,0.3574
Transformer 256/4,6960,0.3547
Transformer 256/4,6970,0.3868
Transformer 256/4,6980,0.2723
Transformer 256/4,6990,0.358
Transformer 256/4,7000,0.3899
Transformer 256/4,7010,0.4103
Transformer 256/4,7020,0.3891
Transformer 256/4,7030,0.311
Transformer 256/4,7040,0.3108
Transformer 256/4,7050,0.3954
Transformer 256/4,7060,0.2925
Transformer 256/4,7070,0.3641
Transformer 256/4,7080,0.3492
Transformer 256/4,7090,0.3579
Transformer 256/4,7100,0.3934
Transformer 256/4,7110,0.3557
Transformer 256/4,7120,0.3457
Transformer 256/4,7130,0.4196
Transformer 256/4,7140,0.2703
Transformer 256/4,7150,0.3202
Transformer 256/4,7160,0.3292
Transformer 256/4,7170,0.3931
Transformer 256/4,7180,0.3543
Transformer 256/4,7190,0.4148
Transformer 256/4,7200,0.354
Transformer 256/4,7210,0.3667
Transformer 256/4,7220,0.3146
Transformer 256/4,7230,0.3376
Transformer 256/4,7240,0.4863
Transformer 256/4,7250,0.3263
Transformer 256/4,7260,0.3904
Transformer 256/4,7270,0.3268
Transformer 256/4,7280,0.4026
Transformer 256/4,7290,0.2757
Transformer 256/4,7300,0.2459
Transformer 256/4,7310,0.2611
Transformer 256/4,7320,0.3487
Transformer 256/4,7330,0.3552
Transformer 256/4,7340,0.2967
Transformer 256/4,7350,0.3948
Transformer 256/4,7360,0.3285
Transformer 256/4,7370,0.4214
Transformer 256/4,7380,0.3983
Transformer 256/4,7390,0.3267
Transformer 256/4,7400,0.3408
Transformer 256/4,7410,0.3692
Transformer 256/4,7420,0.3206
Transformer 256/4,7430,0.5198
Transformer 256/4,7440,0.4338
Transformer 256/4,7450,0.4005
Transformer 256/4,7460,0.3162
Transformer 256/4,7470,0.3962
Transformer 256/4,7480,0.3794
Transformer 256/4,7490,0.4226
Transformer 256/4,7500,0.301
Transformer 256/4,7510,0.2969
Transformer 256/4,7520,0.3241
Transformer 256/4,7530,0.3961
Transformer 256/4,7540,0.274
Transformer 256/4,7550,0.356
Transformer 256/4,7560,0.3331
Transformer 256/4,7570,0.3212
Transformer 256/4,7580,0.3701
Transformer 256/4,7590,0.3259
Transformer 256/4,7600,0.2761
Transformer 256/4,7610,0.3862
Transformer 256/4,7620,0.3587
Transformer 256/4,7630,0.3315
Transformer 256/4,7640,0.2909
Transformer 256/4,7650,0.3503
Transformer 256/4,7660,0.2352
Transformer 256/4,7670,0.325
Transformer 256/4,7680,0.2685
Transformer 256/4,7690,0.3294
Transformer 256/4,7700,0.3954
Transformer 256/4,7710,0.2706
Transformer 256/4,7720,0.2903
Transformer 256/4,7730,0.3698
Transformer 256/4,7740,0.2733
Transformer 256/4,7750,0.2538
Transformer 256/4,7760,0.3669
Transformer 256/4,7770,0.4857
Transformer 256/4,7780,0.4156
Transformer 256/4,7790,0.3762
Transformer 256/4,7800,0.3409
Transformer 256/4,7810,0.3735
Transformer 256/4,7820,0.372
Transformer 256/4,7830,0.303
Transformer 256/4,7840,0.3161
Transformer 256/4,7850,0.2933
Transformer 256/4,7860,0.3513
Transformer 256/4,7870,0.3487
Transformer 256/4,7880,0.3547
Transformer 256/4,7890,0.3848
Transformer 256/4,7900,0.3374
Transformer 256/4,7910,0.3373
Transformer 256/4,7920,0.3495
Transformer 256/4,7930,0.283
Transformer 256/4,7940,0.3035
Transformer 256/4,7950,0.2688
Transformer 256/4,7960,0.3845
Transformer 256/4,7970,0.2973
Transformer 256/4,7980,0.3519
Transformer 256/4,7990,0.2691
Transformer 256/4,8000,0.3893
Transformer 256/4,8010,0.3789
Transformer 256/4,8020,0.3388
Transformer 256/4,8030,0.3622
Transformer 256/4,8040,0.3403
Transformer 256/4,8050,0.3681
Transformer 256/4,8060,0.244
Transformer 256/4,8070,0.3073
Transformer 256/4,8080,0.3797
Transformer 256/4,8090,0.2863
Transformer 256/4,8100,0.294
Transformer 256/4,8110,0.2882
Transformer 256/4,8120,0.306
Transformer 256/4,8130,0.3088
Transformer 256/4,8140,0.3054
Transformer 256/4,8150,0.3286
Transformer 256/4,8160,0.3383
Transformer 256/4,8170,0.3597
Transformer 256/4,8180,0.2845
Transformer 256/4,8190,0.3375
Transformer 256/4,8200,0.3134
Transformer 256/4,8210,0.323
Transformer 256/4,8220,0.3987
Transformer 256/4,8230,0.2661
Transformer 256/4,8240,0.3183
Transformer 256/4,8250,0.3053
Transformer 256/4,8260,0.3622
Transformer 256/4,8270,0.3286
Transformer 256/4,8280,0.3125
Transformer 256/4,8290,0.3202
Transformer 256/4,8300,0.258
Transformer 256/4,8310,0.2757
Transformer 256/4,8320,0.3663
Transformer 256/4,8330,0.3659
Transformer 256/4,8340,0.3277
Transformer 256/4,8350,0.419
Transformer 256/4,8360,0.3053
Transformer 256/4,8370,0.3116
Transformer 256/4,8380,0.3374
Transformer 256/4,8390,0.2572
Transformer 256/4,8400,0.3358
Transformer 256/4,8410,0.3712
Transformer 256/4,8420,0.307
Transformer 256/4,8430,0.4253
Transformer 256/4,8440,0.3247
Transformer 256/4,8450,0.3074
Transformer 256/4,8460,0.2961
Transformer 256/4,8470,0.3301
Transformer 256/4,8480,0.3444
Transformer 256/4,8490,0.3285
Transformer 256/4,8500,0.2916
Transformer 256/4,8510,0.2677
Transformer 256/4,8520,0.3306
Transformer 256/4,8530,0.3067
Transformer 256/4,8540,0.3137
Transformer 256/4,8550,0.2881
Transformer 256/4,8560,0.3544
Transformer 256/4,8570,0.2383
Transformer 256/4,8580,0.2488
Transformer 256/4,8590,0.3463
Transformer 256/4,8600,0.359
Transformer 256/4,8610,0.3244
Transformer 256/4,8620,0.2989
Transformer 256/4,8630,0.2599
Transformer 256/4,8640,0.3099
Transformer 256/4,8650,0.3083
Transformer 256/4,8660,0.2897
Transformer 256/4,8670,0.2417
Transformer 256/4,8680,0.2721
Transformer 256/4,8690,0.2648
Transformer 256/4,8700,0.2451
Transformer 256/4,8710,0.3243
Transformer 256/4,8720,0.3325
Transformer 256/4,8730,0.2774
Transformer 256/4,8740,0.3112
Transformer 256/4,8750,0.3446
Transformer 256/4,8760,0.2804
Transformer 256/4,8770,0.3105
Transformer 256/4,8780,0.2059
Transformer 256/4,8790,0.2887
Transformer 256/4,8800,0.3105
Transformer 256/4,8810,0.2786
Transformer 256/4,8820,0.2841
Transformer 256/4,8830,0.2537
Transformer 256/4,8840,0.3352
Transformer 256/4,8850,0.3186
Transformer 256/4,8860,0.2821
Transformer 256/4,8870,0.3092
Transformer 256/4,8880,0.211
Transformer 256/4,8890,0.3275
Transformer 256/4,8900,0.3056
Transformer 256/4,8910,0.327
Transformer 256/4,8920,0.295
Transformer 256/4,8930,0.3847
Transformer 256/4,8940,0.3393
Transformer 256/4,8950,0.3706
Transformer 256/4,8960,0.2372
Transformer 256/4,8970,0.2777
Transformer 256/4,8980,0.3427
Transformer 256/4,8990,0.2603
Transformer 256/4,9000,0.2664
Transformer 256/4,9010,0.2576
Transformer 256/4,9020,0.3023
Transformer 256/4,9030,0.268
Transformer 256/4,9040,0.2794
Transformer 256/4,9050,0.3153
Transformer 256/4,9060,0.2446
Transformer 256/4,9070,0.2548
Transformer 256/4,9080,0.2618
Transformer 256/4,9090,0.3233
Transformer 256/4,9100,0.252
Transformer 256/4,9110,0.23
Transformer 256/4,9120,0.2895
Transformer 256/4,9130,0.2702
Transformer 256/4,9140,0.4066
Transformer 256/4,9150,0.2871
Transformer 256/4,9160,0.2739
Transformer 256/4,9170,0.2435
Transformer 256/4,9180,0.3301
Transformer 256/4,9190,0.3146
Transformer 256/4,9200,0.3291
Transformer 256/4,9210,0.338
Transformer 256/4,9220,0.3887
Transformer 256/4,9230,0.312
Transformer 256/4,9240,0.3484
Transformer 256/4,9250,0.3604
Transformer 256/4,9260,0.3393
Transformer 256/4,9270,0.2824
Transformer 256/4,9280,0.3591
Transformer 256/4,9290,0.3826
Transformer 256/4,9300,0.3075
Transformer 256/4,9310,0.3032
Transformer 256/4,9320,0.3323
Transformer 256/4,9330,0.2902
Transformer 256/4,9340,0.3394
Transformer 256/4,9350,0.4152
Transformer 256/4,9360,0.3208
Transformer 256/4,9370,0.2594
Transformer 256/4,9380,0.3111
Transformer 256/4,9390,0.2572
Transformer 256/4,9400,0.329
Transformer 256/4,9410,0.2809
Transformer 256/4,9420,0.3548
Transformer 256/4,9430,0.2684
Transformer 256/4,9440,0.2681
Transformer 256/4,9450,0.2801
Transformer 256/4,9460,0.283
Transformer 256/4,9470,0.3084
Transformer 256/4,9480,0.2661
Transformer 256/4,9490,0.2457
Transformer 256/4,9500,0.3333
Transformer 256/4,9510,0.2396
Transformer 256/4,9520,0.2388
Transformer 256/4,9530,0.264
Transformer 256/4,9540,0.2647
Transformer 256/4,9550,0.3095
Transformer 256/4,9560,0.3218
Transformer 256/4,9570,0.3138
Transformer 256/4,9580,0.1963
Transformer 256/4,9590,0.2146
Transformer 256/4,9600,0.3043
Transformer 256/4,9610,0.336
Transformer 256/4,9620,0.2564
Transformer 256/4,9630,0.2652
Transformer 256/4,9640,0.2638
Transformer 256/4,9650,0.3864
Transformer 256/4,9660,0.3815
Transformer 256/4,9670,0.2421
Transformer 256/4,9680,0.25
Transformer 256/4,9690,0.2628
Transformer 256/4,9700,0.3007
Transformer 256/4,9710,0.2491
Transformer 256/4,9720,0.305
Transformer 256/4,9730,0.4162
Transformer 256/4,9740,0.3475
Transformer 256/4,9750,0.253
Transformer 256/4,9760,0.2289
Transformer 256/4,9770,0.2532
Transformer 256/4,9780,0.2433
Transformer 256/4,9790,0.3014
Transformer 256/4,9800,0.2358
Transformer 256/4,9810,0.2747
Transformer 256/4,9820,0.2255
Transformer 256/4,9830,0.2923
Transformer 256/4,9840,0.2803
Transformer 256/4,9850,0.2991
Transformer 256/4,9860,0.3116
Transformer 256/4,9870,0.2486
Transformer 256/4,9880,0.3239
Transformer 256/4,9890,0.2797
Transformer 256/4,9900,0.3267
Transformer 256/4,9910,0.2321
Transformer 256/4,9920,0.3122
Transformer 256/4,9930,0.2527
Transformer 256/4,9940,0.275
Transformer 256/4,9950,0.286
Transformer 256/4,9960,0.2563
Transformer 256/4,9970,0.3818
Transformer 256/4,9980,0.2327
Transformer 256/4,9990,0.3248
Transformer 512/8,0,6275.2393
Transformer 512/8,10,87.2511
Transformer 512/8,20,34.2228
Transformer 512/8,30,20.169
Transformer 512/8,40,9.4039
Transformer 512/8,50,9.476
Transformer 512/8,60,10.8497
Transformer 512/8,70,8.8443
Transformer 512/8,80,14.2525
Transformer 512/8,90,9.3359
Transformer 512/8,100,8.3382
Transformer 512/8,110,5.011
Transformer 512/8,120,6.9878
Transformer 512/8,130,4.6909
Transformer 512/8,140,5.701
Transformer 512/8,150,8.3354
Transformer 512/8,160,4.8975
Transformer 512/8,170,4.7922
Transformer 512/8,180,4.0129
Transformer 512/8,190,5.067
Transformer 512/8,200,5.415
Transformer 512/8,210,4.4145
Transformer 512/8,220,5.1526
Transformer 512/8,230,3.9598
Transformer 512/8,240,5.922
Transformer 512/8,250,3.5385
Transformer 512/8,260,4.7529
Transformer 512/8,270,5.0391
Transformer 512/8,280,3.7302
Transformer 512/8,290,4.0359
Transformer 512/8,300,3.4294
Transformer 512/8,310,6.2312
Transformer 512/8,320,5.6807
Transformer 512/8,330,5.4589
Transformer 512/8,340,2.9188
Transformer 512/8,350,2.7767
Transformer 512/8,360,4.4356
Transformer 512/8,370,5.315
Transformer 512/8,380,2.9088
Transformer 512/8,390,6.0695
Transformer 512/8,400,2.9815
Transformer 512/8,410,3.6696
Transformer 512/8,420,4.019
Transformer 512/8,430,3.3364
Transformer 512/8,440,6.5796
Transformer 512/8,450,8.9073
Transformer 512/8,460,5.3179
Transformer 512/8,470,4.5615
Transformer 512/8,480,4.0788
Transformer 512/8,490,7.1962
Transformer 512/8,500,3.5137
Transformer 512/8,510,3.1945
Transformer 512/8,520,2.8977
Transformer 512/8,530,4.4931
Transformer 512/8,540,3.227
Transformer 512/8,550,4.5183
Transformer 512/8,560,3.9812
Transformer 512/8,570,8.9274
Transformer 512/8,580,1.8746
Transformer 512/8,590,4.4766
Transformer 512/8,600,2.1924
Transformer 512/8,610,2.7857
Transformer 512/8,620,2.1379
Transformer 512/8,630,2.0389
Transformer 512/8,640,2.4486
Transformer 512/8,650,1.8602
Transformer 512/8,660,1.5301
Transformer 512/8,670,1.4292
Transformer 512/8,680,0.9272
Transformer 512/8,690,23.1896
Transformer 512/8,700,7.0545
Transformer 512/8,710,3.13
Transformer 512/8,720,3.8921
Transformer 512/8,730,3.1151
Transformer 512/8,740,2.8748
Transformer 512/8,750,2.1137
Transformer 512/8,760,5.1744
Transformer 512/8,770,5.2636
Transformer 512/8,780,4.3474
Transformer 512/8,790,4.3234
Transformer 512/8,800,3.1954
Transformer 512/8,810,3.436
Transformer 512/8,820,2.2099
Transformer 512/8,830,1.8464
Transformer 512/8,840,2.9644
Transformer 512/8,850,1.8322
Transformer 512/8,860,1.7169
Transformer 512/8,870,1.4345
Transformer 512/8,880,3.4529
Transformer 512/8,890,2.437
Transformer 512/8,900,7.758
Transformer 512/8,910,3.9689
Transformer 512/8,920,2.3801
Transformer 512/8,930,2.8495
Transformer 512/8,940,2.9627
Transformer 512/8,950,2.8402
Transformer 512/8,960,2.0271
Transformer 512/8,970,1.6778
Transformer 512/8,980,3.0846
Transformer 512/8,990,2.4679
Transformer 512/8,1000,2.2898
Transformer 512/8,1010,1.2167
Transformer 512/8,1020,2.1982
Transformer 512/8,1030,2.5375
Transformer 512/8,1040,2.4768
Transformer 512/8,1050,3.2242
Transformer 512/8,1060,2.3451
Transformer 512/8,1070,2.5265
Transformer 512/8,1080,2.5927
Transformer 512/8,1090,2.279
Transformer 512/8,1100,2.1197
Transformer 512/8,1110,3.4304
Transformer 512/8,1120,2.9605
Transformer 512/8,1130,3.1616
Transformer 512/8,1140,2.3452
Transformer 512/8,1150,2.1594
Transformer 512/8,1160,1.5462
Transformer 512/8,1170,1.2326
Transformer 512/8,1180,1.668
Transformer 512/8,1190,1.1675
Transformer 512/8,1200,1.1388
Transformer 512/8,1210,1.1541
Transformer 512/8,1220,0.8525
Transformer 512/8,1230,0.8214
Transformer 512/8,1240,0.7904
Transformer 512/8,1250,0.6694
Transformer 512/8,1260,0.8093
Transformer 512/8,1270,0.8066
Transformer 512/8,1280,1.6436
Transformer 512/8,1290,1.0904
Transformer 512/8,1300,0.7432
Transformer 512/8,1310,1.0603
Transformer 512/8,1320,0.6818
Transformer 512/8,1330,0.562
Transformer 512/8,1340,0.6663
Transformer 512/8,1350,0.6325
Transformer 512/8,1360,0.7264
Transformer 512/8,1370,1.1726
Transformer 512/8,1380,0.6832
Transformer 512/8,1390,0.7896
Transformer 512/8,1400,0.6367
Transformer 512/8,1410,0.6176
Transformer 512/8,1420,1.7832
Transformer 512/8,1430,1.4207
Transformer 512/8,1440,0.734
Transformer 512/8,1450,0.7067
Transformer 512/8,1460,0.7258
Transformer 512/8,1470,0.5994
Transformer 512/8,1480,0.659
Transformer 512/8,1490,0.6641
Transformer 512/8,1500,0.6418
Transformer 512/8,1510,0.7408
Transformer 512/8,1520,0.6439
Transformer 512/8,1530,1.2223
Transformer 512/8,1540,0.5935
Transformer 512/8,1550,0.7014
Transformer 512/8,1560,0.5545
Transformer 512/8,1570,0.6067
Transformer 512/8,1580,0.5175
Transformer 512/8,1590,0.5681
Transformer 512/8,1600,0.5439
Transformer 512/8,1610,0.574
Transformer 512/8,1620,0.6243
Transformer 512/8,1630,0.5519
Transformer 512/8,1640,0.5408
Transformer 512/8,1650,0.5229
Transformer 512/8,1660,0.6344
Transformer 512/8,1670,0.7768
Transformer 512/8,1680,0.5643
Transformer 512/8,1690,0.5367
Transformer 512/8,1700,0.4909
Transformer 512/8,1710,0.6765
Transformer 512/8,1720,0.5733
Transformer 512/8,1730,0.6642
Transformer 512/8,1740,0.6313
Transformer 512/8,1750,0.5158
Transformer 512/8,1760,0.5963
Transformer 512/8,1770,0.7112
Transformer 512/8,1780,0.6101
Transformer 512/8,1790,0.5839
Transformer 512/8,1800,0.5464
Transformer 512/8,1810,0.5056
Transformer 512/8,1820,0.7065
Transformer 512/8,1830,0.5811
Transformer 512/8,1840,0.6266
Transformer 512/8,1850,0.6208
Transformer 512/8,1860,0.5324
Transformer 512/8,1870,0.4171
Transformer 512/8,1880,0.5194
Transformer 512/8,1890,0.5122
Transformer 512/8,1900,0.5071
Transformer 512/8,1910,0.4946
Transformer 512/8,1920,0.498
Transformer 512/8,1930,0.4981
Transformer 512/8,1940,0.4963
Transformer 512/8,1950,0.4837
Transformer 512/8,1960,0.6871
Transformer 512/8,1970,0.5133
Transformer 512/8,1980,0.5079
Transformer 512/8,1990,0.6285
Transformer 512/8,2000,0.5856
Transformer 512/8,2010,0.4157
Transformer 512/8,2020,0.6385
Transformer 512/8,2030,0.5479
Transformer 512/8,2040,0.5754
Transformer 512/8,2050,0.612
Transformer 512/8,2060,0.6015
Transformer 512/8,2070,0.4587
Transformer 512/8,2080,0.5798
Transformer 512/8,2090,0.6347
Transformer 512/8,2100,0.4492
Transformer 512/8,2110,0.5219
Transformer 512/8,2120,0.5972
Transformer 512/8,2130,0.5336
Transformer 512/8,2140,0.4924
Transformer 512/8,2150,0.6358
Transformer 512/8,2160,0.5167
Transformer 512/8,2170,0.5483
Transformer 512/8,2180,0.5261
Transformer 512/8,2190,0.9936
Transformer 512/8,2200,0.5089
Transformer 512/8,2210,0.3812
Transformer 512/8,2220,0.5188
Transformer 512/8,2230,0.6823
Transformer 512/8,2240,0.7484
Transformer 512/8,2250,0.6176
Transformer 512/8,2260,0.4286
Transformer 512/8,2270,0.4475
Transformer 512/8,2280,0.3716
Transformer 512/8,2290,0.5386
Transformer 512/8,2300,0.574
Transformer 512/8,2310,0.5135
Transformer 512/8,2320,0.615
Transformer 512/8,2330,0.5181
Transformer 512/8,2340,0.6001
Transformer 512/8,2350,0.5867
Transformer 512/8,2360,0.6426
Transformer 512/8,2370,0.5413
Transformer 512/8,2380,0.5426
Transformer 512/8,2390,0.5806
Transformer 512/8,2400,0.5802
Transformer 512/8,2410,0.5576
Transformer 512/8,2420,0.5894
Transformer 512/8,2430,0.4417
Transformer 512/8,2440,0.5933
Transformer 512/8,2450,0.4948
Transformer 512/8,2460,0.4672
Transformer 512/8,2470,0.5033
Transformer 512/8,2480,0.5927
Transformer 512/8,2490,0.546
Transformer 512/8,2500,0.4547
Transformer 512/8,2510,0.5614
Transformer 512/8,2520,0.5375
Transformer 512/8,2530,0.4703
Transformer 512/8,2540,0.4453
Transformer 512/8,2550,0.6117
Transformer 512/8,2560,0.595
Transformer 512/8,2570,0.4685
Transformer 512/8,2580,0.5199
Transformer 512/8,2590,0.4655
Transformer 512/8,2600,0.7939
Transformer 512/8,2610,0.5775
Transformer 512/8,2620,0.5423
Transformer 512/8,2630,0.4544
Transformer 512/8,2640,0.9475
Transformer 512/8,2650,0.3585
Transformer 512/8,2660,0.6185
Transformer 512/8,2670,0.4478
Transformer 512/8,2680,0.5733
Transformer 512/8,2690,0.5002
Transformer 512/8,2700,0.5211
Transformer 512/8,2710,0.5137
Transformer 512/8,2720,0.5726
Transformer 512/8,2730,0.5414
Transformer 512/8,2740,0.5353
Transformer 512/8,2750,0.4864
Transformer 512/8,2760,0.4902
Transformer 512/8,2770,0.5943
Transformer 512/8,2780,0.5245
Transformer 512/8,2790,0.4905
Transformer 512/8,2800,0.5674
Transformer 512/8,2810,0.4759
Transformer 512/8,2820,0.5509
Transformer 512/8,2830,0.5599
Transformer 512/8,2840,0.4559
Transformer 512/8,2850,0.5288
Transformer 512/8,2860,0.5287
Transformer 512/8,2870,0.4981
Transformer 512/8,2880,0.3894
Transformer 512/8,2890,0.5872
Transformer 512/8,2900,0.5997
Transformer 512/8,2910,0.5442
Transformer 512/8,2920,0.5501
Transformer 512/8,2930,0.4804
Transformer 512/8,2940,0.4737
Transformer 512/8,2950,0.5445
Transformer 512/8,2960,0.9221
Transformer 512/8,2970,0.3812
Transformer 512/8,2980,0.512
Transformer 512/8,2990,0.5591
Transformer 512/8,3000,0.5988
Transformer 512/8,3010,0.5985
Transformer 512/8,3020,0.5649
Transformer 512/8,3030,0.4729
Transformer 512/8,3040,0.4552
Transformer 512/8,3050,0.4717
Transformer 512/8,3060,0.5256
Transformer 512/8,3070,0.501
Transformer 512/8,3080,0.5409
Transformer 512/8,3090,0.3821
Transformer 512/8,3100,0.5919
Transformer 512/8,3110,0.5775
Transformer 512/8,3120,0.4431
Transformer 512/8,3130,0.5113
Transformer 512/8,3140,0.4208
Transformer 512/8,3150,0.3508
Transformer 512/8,3160,0.4799
Transformer 512/8,3170,0.5831
Transformer 512/8,3180,0.5117
Transformer 512/8,3190,0.5285
Transformer 512/8,3200,0.5209
Transformer 512/8,3210,0.5016
Transformer 512/8,3220,0.5
Transformer 512/8,3230,0.4547
Transformer 512/8,3240,0.4968
Transformer 512/8,3250,0.4713
Transformer 512/8,3260,0.4477
Transformer 512/8,3270,0.5203
Transformer 512/8,3280,0.5066
Transformer 512/8,3290,0.4488
Transformer 512/8,3300,0.4981
Transformer 512/8,3310,0.5204
Transformer 512/8,3320,0.5476
Transformer 512/8,3330,0.4038
Transformer 512/8,3340,0.5865
Transformer 512/8,3350,0.5302
Transformer 512/8,3360,0.4279
Transformer 512/8,3370,0.6297
Transformer 512/8,3380,0.5298
Transformer 512/8,3390,0.4626
Transformer 512/8,3400,0.3907
Transformer 512/8,3410,0.4461
Transformer 512/8,3420,0.4612
Transformer 512/8,3430,0.4295
Transformer 512/8,3440,0.4391
Transformer 512/8,3450,0.4211
Transformer 512/8,3460,0.456
Transformer 512/8,3470,0.5141
Transformer 512/8,3480,0.5227
Transformer 512/8,3490,0.4604
Transformer 512/8,3500,0.3893
Transformer 512/8,3510,0.4669
Transformer 512/8,3520,0.5068
Transformer 512/8,3530,0.4644
Transformer 512/8,3540,0.3781
Transformer 512/8,3550,0.4337
Transformer 512/8,3560,0.5129
Transformer 512/8,3570,0.4876
Transformer 512/8,3580,0.5
Transformer 512/8,3590,0.5207
Transformer 512/8,3600,0.5283
Transformer 512/8,3610,0.4586
Transformer 512/8,3620,0.4609
Transformer 512/8,3630,0.4967
Transformer 512/8,3640,0.4822
Transformer 512/8,3650,0.488
Transformer 512/8,3660,0.4553
Transformer 512/8,3670,0.5585
Transformer 512/8,3680,0.4486
Transformer 512/8,3690,0.4576
Transformer 512/8,3700,0.4703
Transformer 512/8,3710,0.4635
Transformer 512/8,3720,0.5202
Transformer 512/8,3730,0.5587
Transformer 512/8,3740,0.5071
Transformer 512/8,3750,0.6048
Transformer 512/8,3760,0.5413
Transformer 512/8,3770,0.46
Transformer 512/8,3780,0.5137
Transformer 512/8,3790,0.4584
Transformer 512/8,3800,0.4721
Transformer 512/8,3810,0.4383
Transformer 512/8,3820,0.464
Transformer 512/8,3830,0.4785
Transformer 512/8,3840,0.4232
Transformer 512/8,3850,0.4186
Transformer 512/8,3860,0.6255
Transformer 512/8,3870,0.4817
Transformer 512/8,3880,0.4189
Transformer 512/8,3890,0.4483
Transformer 512/8,3900,0.3818
Transformer 512/8,3910,0.4769
Transformer 512/8,3920,0.5144
Transformer 512/8,3930,0.4712
Transformer 512/8,3940,0.4188
Transformer 512/8,3950,0.4043
Transformer 512/8,3960,0.4536
Transformer 512/8,3970,0.4835
Transformer 512/8,3980,0.505
Transformer 512/8,3990,0.5071
Transformer 512/8,4000,0.4298
Transformer 512/8,4010,0.5777
Transformer 512/8,4020,0.5359
Transformer 512/8,4030,0.5273
Transformer 512/8,4040,0.4758
Transformer 512/8,4050,0.4531
Transformer 512/8,4060,0.4994
Transformer 512/8,4070,0.4172
Transformer 512/8,4080,0.5107
Transformer 512/8,4090,0.409
Transformer 512/8,4100,0.4509
Transformer 512/8,4110,0.4861
Transformer 512/8,4120,0.496
Transformer 512/8,4130,0.4135
Transformer 512/8,4140,0.3933
Transformer 512/8,4150,0.3511
Transformer 512/8,4160,0.419
Transformer 512/8,4170,0.4802
Transformer 512/8,4180,0.4439
Transformer 512/8,4190,0.4738
Transformer 512/8,4200,0.4441
Transformer 512/8,4210,0.3814
Transformer 512/8,4220,0.4909
Transformer 512/8,4230,0.3729
Transformer 512/8,4240,0.4077
Transformer 512/8,4250,0.4528
Transformer 512/8,4260,0.4313
Transformer 512/8,4270,0.5798
Transformer 512/8,4280,0.3885
Transformer 512/8,4290,0.4512
Transformer 512/8,4300,0.4044
Transformer 512/8,4310,0.4183
Transformer 512/8,4320,0.5164
Transformer 512/8,4330,0.5583
Transformer 512/8,4340,0.4841
Transformer 512/8,4350,0.5259
Transformer 512/8,4360,0.3839
Transformer 512/8,4370,0.4671
Transformer 512/8,4380,0.3987
Transformer 512/8,4390,0.4769
Transformer 512/8,4400,0.414
Transformer 512/8,4410,0.5309
Transformer 512/8,4420,0.4301
Transformer 512/8,4430,0.5536
Transformer 512/8,4440,0.4823
Transformer 512/8,4450,0.4183
Transformer 512/8,4460,0.4807
Transformer 512/8,4470,0.6259
Transformer 512/8,4480,0.3626
Transformer 512/8,4490,0.4103
Transformer 512/8,4500,0.4772
Transformer 512/8,4510,0.4028
Transformer 512/8,4520,0.4425
Transformer 512/8,4530,0.4321
Transformer 512/8,4540,0.4731
Transformer 512/8,4550,0.409
Transformer 512/8,4560,0.4681
Transformer 512/8,4570,0.4606
Transformer 512/8,4580,0.4548
Transformer 512/8,4590,0.5117
Transformer 512/8,4600,0.3517
Transformer 512/8,4610,0.5144
Transformer 512/8,4620,0.4606
Transformer 512/8,4630,0.4686
Transformer 512/8,4640,0.5216
Transformer 512/8,4650,0.4342
Transformer 512/8,4660,0.4494
Transformer 512/8,4670,0.4586
Transformer 512/8,4680,0.4126
Transformer 512/8,4690,0.4096
Transformer 512/8,4700,0.5122
Transformer 512/8,4710,0.3595
Transformer 512/8,4720,0.555
Transformer 512/8,4730,0.3572
Transformer 512/8,4740,0.4996
Transformer 512/8,4750,0.459
Transformer 512/8,4760,0.4752
Transformer 512/8,4770,0.4573
Transformer 512/8,4780,0.4015
Transformer 512/8,4790,0.5304
Transformer 512/8,4800,0.4184
Transformer 512/8,4810,0.4607
Transformer 512/8,4820,0.4362
Transformer 512/8,4830,0.3575
Transformer 512/8,4840,0.4638
Transformer 512/8,4850,0.433
Transformer 512/8,4860,0.3651
Transformer 512/8,4870,0.4654
Transformer 512/8,4880,0.5279
Transformer 512/8,4890,0.5085
Transformer 512/8,4900,0.5192
Transformer 512/8,4910,0.4143
Transformer 512/8,4920,0.464
Transformer 512/8,4930,0.3862
Transformer 512/8,4940,0.4672
Transformer 512/8,4950,0.3472
Transformer 512/8,4960,0.6094
Transformer 512/8,4970,0.4356
Transformer 512/8,4980,0.4318
Transformer 512/8,4990,0.5059
Transformer 512/8,5000,0.386
Transformer 512/8,5010,0.33
Transformer 512/8,5020,0.4225
Transformer 512/8,5030,0.5511
Transformer 512/8,5040,0.4206
Transformer 512/8,5050,0.3508
Transformer 512/8,5060,0.3688
Transformer 512/8,5070,0.4053
Transformer 512/8,5080,0.4068
Transformer 512/8,5090,0.3878
Transformer 512/8,5100,0.4252
Transformer 512/8,5110,0.4062
Transformer 512/8,5120,0.4091
Transformer 512/8,5130,0.4459
Transformer 512/8,5140,0.368
Transformer 512/8,5150,0.4551
Transformer 512/8,5160,0.4696
Transformer 512/8,5170,0.3945
Transformer 512/8,5180,0.4627
Transformer 512/8,5190,0.4027
Transformer 512/8,5200,0.3741
Transformer 512/8,5210,0.445
Transformer 512/8,5220,0.4411
Transformer 512/8,5230,0.4721
Transformer 512/8,5240,0.4036
Transformer 512/8,5250,0.5162
Transformer 512/8,5260,0.5179
Transformer 512/8,5270,0.4583
Transformer 512/8,5280,0.3872
Transformer 512/8,5290,0.5017
Transformer 512/8,5300,0.3825
Transformer 512/8,5310,0.5246
Transformer 512/8,5320,0.4246
Transformer 512/8,5330,0.3551
Transformer 512/8,5340,0.3497
Transformer 512/8,5350,0.4782
Transformer 512/8,5360,0.4409
Transformer 512/8,5370,0.3881
Transformer 512/8,5380,0.4771
Transformer 512/8,5390,0.2918
Transformer 512/8,5400,0.4403
Transformer 512/8,5410,0.4747
Transformer 512/8,5420,0.4506
Transformer 512/8,5430,0.4053
Transformer 512/8,5440,0.4279
Transformer 512/8,5450,0.3328
Transformer 512/8,5460,0.4126
Transformer 512/8,5470,0.4638
Transformer 512/8,5480,0.3217
Transformer 512/8,5490,0.5186
Transformer 512/8,5500,0.4445
Transformer 512/8,5510,0.3627
Transformer 512/8,5520,0.4571
Transformer 512/8,5530,0.4775
Transformer 512/8,5540,0.3698
Transformer 512/8,5550,0.4517
Transformer 512/8,5560,0.3548
Transformer 512/8,5570,0.3561
Transformer 512/8,5580,0.4085
Transformer 512/8,5590,0.4449
Transformer 512/8,5600,0.5042
Transformer 512/8,5610,0.3951
Transformer 512/8,5620,0.481
Transformer 512/8,5630,0.4316
Transformer 512/8,5640,0.3839
Transformer 512/8,5650,0.409
Transformer 512/8,5660,0.4006
Transformer 512/8,5670,0.4779
Transformer 512/8,5680,0.4466
Transformer 512/8,5690,0.3407
Transformer 512/8,5700,0.3765
Transformer 512/8,5710,0.3815
Transformer 512/8,5720,0.4327
Transformer 512/8,5730,0.3859
Transformer 512/8,5740,0.3896
Transformer 512/8,5750,0.3899
Transformer 512/8,5760,0.4813
Transformer 512/8,5770,0.3973
Transformer 512/8,5780,0.4405
Transformer 512/8,5790,0.4548
Transformer 512/8,5800,0.4442
Transformer 512/8,5810,0.4374
Transformer 512/8,5820,0.4891
Transformer 512/8,5830,0.4536
Transformer 512/8,5840,0.3837
Transformer 512/8,5850,0.4052
Transformer 512/8,5860,0.4191
Transformer 512/8,5870,0.4224
Transformer 512/8,5880,0.445
Transformer 512/8,5890,0.3794
Transformer 512/8,5900,0.4687
Transformer 512/8,5910,0.356
Transformer 512/8,5920,0.3717
Transformer 512/8,5930,0.4056
Transformer 512/8,5940,0.3647
Transformer 512/8,5950,0.5777
Transformer 512/8,5960,0.5151
Transformer 512/8,5970,0.4053
Transformer 512/8,5980,0.4466
Transformer 512/8,5990,0.3663
Transformer 512/8,6000,0.4145
Transformer 512/8,6010,0.4198
Transformer 512/8,6020,0.4223
Transformer 512/8,6030,0.4997
Transformer 512/8,6040,0.4099
Transformer 512/8,6050,0.3178
Transformer 512/8,6060,0.4172
Transformer 512/8,6070,0.527
Transformer 512/8,6080,0.4144
Transformer 512/8,6090,0.3822
Transformer 512/8,6100,0.497
Transformer 512/8,6110,0.4297
Transformer 512/8,6120,0.4344
Transformer 512/8,6130,0.3846
Transformer 512/8,6140,0.4116
Transformer 512/8,6150,0.4417
Transformer 512/8,6160,0.4223
Transformer 512/8,6170,0.4563
Transformer 512/8,6180,0.376
Transformer 512/8,6190,0.5142
Transformer 512/8,6200,0.4377
Transformer 512/8,6210,0.3722
Transformer 512/8,6220,0.4143
Transformer 512/8,6230,0.3477
Transformer 512/8,6240,0.4365
Transformer 512/8,6250,0.3443
Transformer 512/8,6260,0.4538
Transformer 512/8,6270,0.38
Transformer 512/8,6280,0.3926
Transformer 512/8,6290,0.3932
Transformer 512/8,6300,0.3742
Transformer 512/8,6310,0.4411
Transformer 512/8,6320,0.3976
Transformer 512/8,6330,0.4515
Transformer 512/8,6340,0.4244
Transformer 512/8,6350,0.4317
Transformer 512/8,6360,0.4431
Transformer 512/8,6370,0.3912
Transformer 512/8,6380,0.4599
Transformer 512/8,6390,0.4788
Transformer 512/8,6400,0.4041
Transformer 512/8,6410,0.4138
Transformer 512/8,6420,0.5866
Transformer 512/8,6430,0.3132
Transformer 512/8,6440,0.3898
Transformer 512/8,6450,0.3836
Transformer 512/8,6460,0.4407
Transformer 512/8,6470,0.4025
Transformer 512/8,6480,0.4083
Transformer 512/8,6490,0.3766
Transformer 512/8,6500,0.3673
Transformer 512/8,6510,0.3518
Transformer 512/8,6520,0.3887
Transformer 512/8,6530,0.3522
Transformer 512/8,6540,0.3372
Transformer 512/8,6550,0.3705
Transformer 512/8,6560,0.3992
Transformer 512/8,6570,0.4389
Transformer 512/8,6580,0.4174
Transformer 512/8,6590,0.4429
Transformer 512/8,6600,0.4431
Transformer 512/8,6610,0.4177
Transformer 512/8,6620,0.4355
Transformer 512/8,6630,0.464
Transformer 512/8,6640,0.3321
Transformer 512/8,6650,0.3665
Transformer 512/8,6660,0.3938
Transformer 512/8,6670,0.3663
Transformer 512/8,6680,0.4172
Transformer 512/8,6690,0.4076
Transformer 512/8,6700,0.3314
Transformer 512/8,6710,0.3628
Transformer 512/8,6720,0.4378
Transformer 512/8,6730,0.407
Transformer 512/8,6740,0.4506
Transformer 512/8,6750,0.3653
Transformer 512/8,6760,0.372
Transformer 512/8,6770,0.4144
Transformer 512/8,6780,0.3657
Transformer 512/8,6790,0.4301
Transformer 512/8,6800,0.3884
Transformer 512/8,6810,0.6182
Transformer 512/8,6820,0.3237
Transformer 512/8,6830,0.3908
Transformer 512/8,6840,0.3888
Transformer 512/8,6850,0.3752
Transformer 512/8,6860,0.3466
Transformer 512/8,6870,0.4497
Transformer 512/8,6880,0.3974
Transformer 512/8,6890,0.7337
Transformer 512/8,6900,0.6382
Transformer 512/8,6910,0.5159
Transformer 512/8,6920,0.5109
Transformer 512/8,6930,0.5441
Transformer 512/8,6940,0.4799
Transformer 512/8,6950,0.4457
Transformer 512/8,6960,0.4281
Transformer 512/8,6970,0.4536
Transformer 512/8,6980,0.3321
Transformer 512/8,6990,0.4217
Transformer 512/8,7000,0.487
Transformer 512/8,7010,0.3611
Transformer 512/8,7020,0.3922
Transformer 512/8,7030,0.3752
Transformer 512/8,7040,0.3965
Transformer 512/8,7050,0.3428
Transformer 512/8,7060,0.443
Transformer 512/8,7070,0.4371
Transformer 512/8,7080,0.4374
Transformer 512/8,7090,0.4232
Transformer 512/8,7100,0.3865
Transformer 512/8,7110,0.3801
Transformer 512/8,7120,0.5613
Transformer 512/8,7130,0.4525
Transformer 512/8,7140,0.4227
Transformer 512/8,7150,0.501
Transformer 512/8,7160,0.4427
Transformer 512/8,7170,0.4405
Transformer 512/8,7180,0.3543
Transformer 512/8,7190,0.4405
Transformer 512/8,7200,0.3384
Transformer 512/8,7210,0.418
Transformer 512/8,7220,0.4326
Transformer 512/8,7230,0.3802
Transformer 512/8,7240,0.3786
Transformer 512/8,7250,0.4009
Transformer 512/8,7260,0.4699
Transformer 512/8,7270,0.345
Transformer 512/8,7280,0.3965
Transformer 512/8,7290,0.4737
Transformer 512/8,7300,0.4199
Transformer 512/8,7310,0.452
Transformer 512/8,7320,0.3386
Transformer 512/8,7330,0.3835
Transformer 512/8,7340,0.4639
Transformer 512/8,7350,0.3284
Transformer 512/8,7360,0.3104
Transformer 512/8,7370,0.3738
Transformer 512/8,7380,0.414
Transformer 512/8,7390,0.3824
Transformer 512/8,7400,0.3565
Transformer 512/8,7410,0.279
Transformer 512/8,7420,0.4186
Transformer 512/8,7430,0.3686
Transformer 512/8,7440,0.371
Transformer 512/8,7450,0.319
Transformer 512/8,7460,0.3601
Transformer 512/8,7470,0.4119
Transformer 512/8,7480,0.4089
Transformer 512/8,7490,0.327
Transformer 512/8,7500,0.3052
Transformer 512/8,7510,0.4638
Transformer 512/8,7520,0.4317
Transformer 512/8,7530,0.4323
Transformer 512/8,7540,0.4363
Transformer 512/8,7550,0.4298
Transformer 512/8,7560,0.3654
Transformer 512/8,7570,0.3583
Transformer 512/8,7580,0.3368
Transformer 512/8,7590,0.3682
Transformer 512/8,7600,0.3544
Transformer 512/8,7610,0.4027
Transformer 512/8,7620,0.3511
Transformer 512/8,7630,0.4388
Transformer 512/8,7640,0.3534
Transformer 512/8,7650,0.449
Transformer 512/8,7660,0.4083
Transformer 512/8,7670,0.3005
Transformer 512/8,7680,0.314
Transformer 512/8,7690,0.3558
Transformer 512/8,7700,0.3558
Transformer 512/8,7710,0.3947
Transformer 512/8,7720,0.354
Transformer 512/8,7730,0.4214
Transformer 512/8,7740,0.3408
Transformer 512/8,7750,0.3516
Transformer 512/8,7760,0.3794
Transformer 512/8,7770,0.3575
Transformer 512/8,7780,0.3426
Transformer 512/8,7790,0.3148
Transformer 512/8,7800,0.3203
Transformer 512/8,7810,0.3012
Transformer 512/8,7820,0.353
Transformer 512/8,7830,0.3646
Transformer 512/8,7840,0.3049
Transformer 512/8,7850,0.4764
Transformer 512/8,7860,0.4294
Transformer 512/8,7870,0.3059
Transformer 512/8,7880,0.39
Transformer 512/8,7890,0.4287
Transformer 512/8,7900,0.3626
Transformer 512/8,7910,0.3963
Transformer 512/8,7920,0.39
Transformer 512/8,7930,0.3701
Transformer 512/8,7940,0.4315
Transformer 512/8,7950,0.3673
Transformer 512/8,7960,0.3096
Transformer 512/8,7970,0.3646
Transformer 512/8,7980,0.3088
Transformer 512/8,7990,0.3496
Transformer 512/8,8000,0.4012
Transformer 512/8,8010,0.3177
Transformer 512/8,8020,0.3908
Transformer 512/8,8030,0.3178
Transformer 512/8,8040,0.3639
Transformer 512/8,8050,0.4591
Transformer 512/8,8060,0.3346
Transformer 512/8,8070,0.5156
Transformer 512/8,8080,0.5468
Transformer 512/8,8090,0.3917
Transformer 512/8,8100,0.4628
Transformer 512/8,8110,0.3749
Transformer 512/8,8120,0.4865
Transformer 512/8,8130,0.4013
Transformer 512/8,8140,0.3468
Transformer 512/8,8150,0.3052
Transformer 512/8,8160,0.2971
Transformer 512/8,8170,0.2896
Transformer 512/8,8180,0.3911
Transformer 512/8,8190,0.5162
Transformer 512/8,8200,0.393
Transformer 512/8,8210,0.3481
Transformer 512/8,8220,0.3004
Transformer 512/8,8230,0.4127
Transformer 512/8,8240,0.3895
Transformer 512/8,8250,0.4093
Transformer 512/8,8260,0.3369
Transformer 512/8,8270,0.3652
Transformer 512/8,8280,0.3774
Transformer 512/8,8290,0.3639
Transformer 512/8,8300,0.3144
Transformer 512/8,8310,0.4209
Transformer 512/8,8320,0.3896
Transformer 512/8,8330,0.386
Transformer 512/8,8340,0.3412
Transformer 512/8,8350,0.31
Transformer 512/8,8360,0.2781
Transformer 512/8,8370,0.4122
Transformer 512/8,8380,0.3659
Transformer 512/8,8390,0.3401
Transformer 512/8,8400,0.3121
Transformer 512/8,8410,0.3034
Transformer 512/8,8420,0.3039
Transformer 512/8,8430,0.3984
Transformer 512/8,8440,0.411
Transformer 512/8,8450,0.3984
Transformer 512/8,8460,0.2964
Transformer 512/8,8470,0.4113
Transformer 512/8,8480,0.3275
Transformer 512/8,8490,0.3822
Transformer 512/8,8500,17.7532
Transformer 512/8,8510,2.1961
Transformer 512/8,8520,2.5922
Transformer 512/8,8530,1.0839
Transformer 512/8,8540,0.9222
Transformer 512/8,8550,0.9675
Transformer 512/8,8560,0.7972
Transformer 512/8,8570,0.6676
Transformer 512/8,8580,0.6437
Transformer 512/8,8590,0.5664
Transformer 512/8,8600,0.6701
Transformer 512/8,8610,0.5163
Transformer 512/8,8620,0.5326
Transformer 512/8,8630,0.6503
Transformer 512/8,8640,0.5674
Transformer 512/8,8650,0.5034
Transformer 512/8,8660,0.5426
Transformer 512/8,8670,0.5939
Transformer 512/8,8680,0.768
Transformer 512/8,8690,0.5794
Transformer 512/8,8700,0.5373
Transformer 512/8,8710,0.6093
Transformer 512/8,8720,0.4656
Transformer 512/8,8730,0.456
Transformer 512/8,8740,0.4488
Transformer 512/8,8750,0.4546
Transformer 512/8,8760,0.4633
Transformer 512/8,8770,0.4955
Transformer 512/8,8780,0.5156
Transformer 512/8,8790,0.5971
Transformer 512/8,8800,0.7106
Transformer 512/8,8810,0.4327
Transformer 512/8,8820,0.4278
Transformer 512/8,8830,0.5096
Transformer 512/8,8840,0.4397
Transformer 512/8,8850,0.3728
Transformer 512/8,8860,0.4339
Transformer 512/8,8870,0.4518
Transformer 512/8,8880,0.4059
Transformer 512/8,8890,0.4576
Transformer 512/8,8900,0.4096
Transformer 512/8,8910,0.5307
Transformer 512/8,8920,0.5995
Transformer 512/8,8930,0.3802
Transformer 512/8,8940,0.432
Transformer 512/8,8950,0.4075
Transformer 512/8,8960,0.5181
Transformer 512/8,8970,0.3501
Transformer 512/8,8980,0.444
Transformer 512/8,8990,0.4464
Transformer 512/8,9000,0.3918
Transformer 512/8,9010,0.4104
Transformer 512/8,9020,0.4007
Transformer 512/8,9030,0.3541
Transformer 512/8,9040,0.4321
Transformer 512/8,9050,0.3325
Transformer 512/8,9060,0.4182
Transformer 512/8,9070,0.3807
Transformer 512/8,9080,0.4427
Transformer 512/8,9090,0.4289
Transformer 512/8,9100,0.4102
Transformer 512/8,9110,0.331
Transformer 512/8,9120,0.4216
Transformer 512/8,9130,0.4482
Transformer 512/8,9140,0.4104
Transformer 512/8,9150,0.4135
Transformer 512/8,9160,0.4253
Transformer 512/8,9170,0.3159
Transformer 512/8,9180,0.4094
Transformer 512/8,9190,0.3946
Transformer 512/8,9200,0.4036
Transformer 512/8,9210,0.4148
Transformer 512/8,9220,0.3991
Transformer 512/8,9230,0.4998
Transformer 512/8,9240,0.4448
Transformer 512/8,9250,0.4185
Transformer 512/8,9260,0.3411
Transformer 512/8,9270,0.3578
Transformer 512/8,9280,0.3491
Transformer 512/8,9290,0.4143
Transformer 512/8,9300,0.354
Transformer 512/8,9310,0.3497
Transformer 512/8,9320,0.3539
Transformer 512/8,9330,0.3883
Transformer 512/8,9340,0.5236
Transformer 512/8,9350,0.4703
Transformer 512/8,9360,0.3795
Transformer 512/8,9370,0.4318
Transformer 512/8,9380,0.4342
Transformer 512/8,9390,0.3439
Transformer 512/8,9400,0.408
Transformer 512/8,9410,0.3967
Transformer 512/8,9420,0.4281
Transformer 512/8,9430,0.4156
Transformer 512/8,9440,0.4285
Transformer 512/8,9450,0.3949
Transformer 512/8,9460,0.3859
Transformer 512/8,9470,0.3333
Transformer 512/8,9480,0.4162
Transformer 512/8,9490,0.3311
Transformer 512/8,9500,0.361
Transformer 512/8,9510,0.4791
Transformer 512/8,9520,0.3944
Transformer 512/8,9530,0.3486
Transformer 512/8,9540,0.4295
Transformer 512/8,9550,0.4317
Transformer 512/8,9560,0.3845
Transformer 512/8,9570,0.3734
Transformer 512/8,9580,0.3578
Transformer 512/8,9590,0.3443
Transformer 512/8,9600,0.3618
Transformer 512/8,9610,0.3563
Transformer 512/8,9620,0.4499
Transformer 512/8,9630,0.4254
Transformer 512/8,9640,0.4142
Transformer 512/8,9650,0.4078
Transformer 512/8,9660,0.3581
Transformer 512/8,9670,0.3592
Transformer 512/8,9680,0.3114
Transformer 512/8,9690,0.4131
Transformer 512/8,9700,0.4091
Transformer 512/8,9710,0.3307
Transformer 512/8,9720,0.3353
Transformer 512/8,9730,0.3161
Transformer 512/8,9740,0.3134
Transformer 512/8,9750,0.2847
Transformer 512/8,9760,0.4922
Transformer 512/8,9770,0.461
Transformer 512/8,9780,0.4066
Transformer 512/8,9790,0.4255
Transformer 512/8,9800,2.2113
Transformer 512/8,9810,0.6479
Transformer 512/8,9820,0.4286
Transformer 512/8,9830,0.4327
Transformer 512/8,9840,0.423
Transformer 512/8,9850,0.4285
Transformer 512/8,9860,0.4109
Transformer 512/8,9870,0.399
Transformer 512/8,9880,0.4154
Transformer 512/8,9890,0.4343
Transformer 512/8,9900,0.4898
Transformer 512/8,9910,0.3786
Transformer 512/8,9920,0.3882
Transformer 512/8,9930,0.3925
Transformer 512/8,9940,0.4531
Transformer 512/8,9950,0.4903
Transformer 512/8,9960,0.3721
Transformer 512/8,9970,0.3829
Transformer 512/8,9980,0.3477
Transformer 512/8,9990,0.3857
